ticker,feature_name,source_group,raw_variable,transform_name,train_rows,train_non_null_ratio,train_non_null_count,train_auc,train_auc_pvalue,direction_sign,fold_count,fold_mean_auc,fold_std_auc,fold_min_auc,fold_hit_rate,test_auc,selection_score
AAPL,gdelt__articles_log__delta1,gdelt,articles_log,delta1,623,0.9967897271268058,621,0.5369845897542691,0.10987216555040202,1,4,0.49990969449325884,0.051020767015372684,0.43002028397565917,0.5,0.44433497536945815,0.0
AAPL,gdelt__articles_log__delta2,gdelt,articles_log,delta2,623,0.9951845906902087,620,0.5105372761349438,0.650337899734805,1,4,0.4382048014877346,0.03531099652670129,0.3948979591836735,0.0,0.45024630541871924,0.0
AAPL,gdelt__articles_log__gap_roll3,gdelt,articles_log,gap_roll3,623,0.9967897271268058,621,0.5278425655976676,0.22971870610153844,1,4,0.5252201933131689,0.05644537773122416,0.46957403651115615,0.5,0.4376847290640394,0.00035109744335388223
AAPL,gdelt__articles_log__gap_roll5,gdelt,articles_log,gap_roll5,623,0.9951845906902087,620,0.5000312369845897,0.9989288893132842,-1,4,0.4991521392318893,0.07484798392755088,0.38336713995943206,0.75,0.5145320197044335,0.0
AAPL,gdelt__articles_log__lag2,gdelt,articles_log,lag2,623,0.9967897271268058,621,0.5364535610162433,0.11511686647473085,-1,4,0.5264803439443667,0.035983480566260356,0.48061224489795923,0.75,0.4623152709359606,0.0007239771252803106
AAPL,gdelt__articles_log__lag3,gdelt,articles_log,lag3,623,0.9951845906902087,620,0.5120002082465639,0.6056324618474407,-1,4,0.4575330217621204,0.0637875556481537,0.37072649572649574,0.25,0.46133004926108373,0.0
AAPL,gdelt__articles_log__level,gdelt,articles_log,level,623,0.9983948635634029,622,0.5087619741774261,0.7062879201896268,-1,4,0.43753389257905906,0.041621275413970836,0.40669371196754567,0.25,0.5014778325123153,0.0
AAPL,gdelt__articles_log__roll3,gdelt,articles_log,roll3,623,0.9967897271268058,621,0.5198146605581008,0.3933771402854964,-1,4,0.5303257151282456,0.06027751896920417,0.46734693877551015,0.5,0.44802955665024635,0.00030044687572392356
AAPL,gdelt__articles_log__roll5,gdelt,articles_log,roll5,623,0.9951845906902087,620,0.5028217409412744,0.9034596829879491,-1,4,0.4570338874411103,0.041488192745074134,0.389957264957265,0.25,0.47463054187192116,0.0
AAPL,gdelt__articles_log__spike20,gdelt,articles_log,spike20,623,1.0,623,0.5022594752186589,0.922632024234791,1,4,0.5005174630687241,0.028677991586758926,0.45791075050709934,0.5,0.5054187192118227,5.845974901766779e-07
AAPL,gdelt__articles_log__surprise20,gdelt,articles_log,surprise20,623,0.9839486356340289,613,0.5094335693461058,0.6849178603345485,1,4,0.47822441003080196,0.06796820980099712,0.4056795131845841,0.25,0.5374384236453201,0.0
AAPL,gdelt__robust__delta1,gdelt,robust,delta1,623,0.9967897271268058,621,0.5373750520616409,0.10613649588773333,1,4,0.4977988638080073,0.05163515183486031,0.4274847870182556,0.5,0.44408866995073887,0.0
AAPL,gdelt__robust__delta2,gdelt,robust,delta2,623,0.9951845906902087,620,0.5108600583090379,0.6403594199960336,1,4,0.49180641147013526,0.07142068035941389,0.4166666666666667,0.25,0.4502463054187192,0.0
AAPL,gdelt__robust__gap_roll3,gdelt,robust,gap_roll3,623,0.9967897271268058,621,0.5293367346938775,0.20553709456881197,1,4,0.524983280707047,0.05609416524881661,0.46855983772819476,0.5,0.4374384236453202,0.000366463938942654
AAPL,gdelt__robust__gap_roll5,gdelt,robust,gap_roll5,623,0.9951845906902087,620,0.5003384006663889,0.9883964633276947,-1,4,0.4989163998740618,0.07852649704030482,0.3772819472616633,0.5,0.5194581280788177,0.0
AAPL,gdelt__robust__lag2,gdelt,robust,lag2,623,0.9967897271268058,621,0.5364535610162433,0.11511686647473085,-1,4,0.5264803439443667,0.035983480566260356,0.48061224489795923,0.75,0.4623152709359606,0.0007239771252803106
AAPL,gdelt__robust__lag3,gdelt,robust,lag3,623,0.9951845906902087,620,0.5120002082465639,0.6056324618474407,-1,4,0.4575330217621204,0.0637875556481537,0.37072649572649574,0.25,0.46133004926108373,0.0
AAPL,gdelt__robust__level,gdelt,robust,level,623,0.9983948635634029,622,0.5087619741774261,0.7062879201896268,-1,4,0.43753389257905906,0.041621275413970836,0.40669371196754567,0.25,0.5014778325123153,0.0
AAPL,gdelt__robust__roll3,gdelt,robust,roll3,623,0.9967897271268058,621,0.5206164098292378,0.37445333813320136,-1,4,0.5316689111734341,0.06215880669068859,0.463265306122449,0.5,0.44630541871921187,0.0003264496257986232
AAPL,gdelt__robust__roll5,gdelt,robust,roll5,623,0.9951845906902087,620,0.5023063306955435,0.9210325252037583,-1,4,0.4578475644092258,0.04179356128781223,0.391025641025641,0.25,0.47364532019704436,0.0
AAPL,gdelt__robust__spike20,gdelt,robust,spike20,623,1.0,623,0.5022594752186589,0.922632024234791,1,4,0.5005174630687241,0.028677991586758926,0.45791075050709934,0.5,0.5054187192118227,5.845974901766779e-07
AAPL,gdelt__robust__surprise20,gdelt,robust,surprise20,623,0.9839486356340289,613,0.5104748021657642,0.6522764442717581,1,4,0.4790245307556767,0.06714866021408976,0.4077079107505071,0.25,0.5416256157635468,0.0
AAPL,gdelt__sentiment__delta1,gdelt,sentiment,delta1,623,0.9967897271268058,621,0.5014160766347354,0.9514681680337187,1,4,0.48368068693667454,0.032521458146514734,0.45638945233265715,0.25,0.4701970443349754,0.0
AAPL,gdelt__sentiment__delta2,gdelt,sentiment,delta2,623,0.9951845906902087,620,0.5058777592669721,0.8004822876710445,-1,4,0.4933259079974588,0.03566307471532235,0.43162393162393164,0.75,0.44704433497536944,0.0
AAPL,gdelt__sentiment__gap_roll3,gdelt,sentiment,gap_roll3,623,0.9967897271268058,621,0.5057788421491045,0.8037726839842336,-1,4,0.4972992573225808,0.020782285296112913,0.4647435897435897,0.5,0.4678571428571428,0.0
AAPL,gdelt__sentiment__gap_roll5,gdelt,sentiment,gap_roll5,623,0.9951845906902087,620,0.5084027488546439,0.7178139293079795,1,4,0.5174118865244941,0.03625969195413926,0.47608695652173916,0.5,0.578448275862069,7.315385477544094e-05
AAPL,gdelt__sentiment__lag2,gdelt,sentiment,lag2,623,0.9967897271268058,621,0.508314244064973,0.7206635153526253,-1,4,0.46835650436701803,0.05539480966311592,0.37244897959183676,0.5,0.4225369458128079,0.0
AAPL,gdelt__sentiment__lag3,gdelt,sentiment,lag3,623,0.9951845906902087,620,0.5050551853394419,0.8279446515691133,1,4,0.4613792960770208,0.023686909078518392,0.4273504273504274,0.0,0.5103448275862069,0.0
AAPL,gdelt__sentiment__level,gdelt,sentiment,level,623,0.9983948635634029,622,0.5096522282382341,0.6780124033968269,-1,4,0.4925198498843662,0.057423114498503,0.43571428571428567,0.5,0.4162561576354679,0.0
AAPL,gdelt__sentiment__roll3,gdelt,sentiment,roll3,623,0.9967897271268058,621,0.5020980841316118,0.9281436690327787,-1,4,0.457331197192674,0.041545354500090705,0.39897959183673465,0.25,0.42561576354679803,0.0
AAPL,gdelt__sentiment__roll5,gdelt,sentiment,roll5,623,0.9951845906902087,620,0.50847563515202,0.7154701048880328,-1,4,0.4710868218813301,0.06774786780516821,0.40204081632653066,0.25,0.4735221674876847,0.0
AAPL,gdelt__sentiment__spike20,gdelt,sentiment,spike20,623,1.0,623,0.5014941690962099,0.9487950641688354,-1,4,0.47698216179563735,0.042303351393844085,0.4208924949290061,0.25,0.4761083743842365,0.0
AAPL,gdelt__sentiment__surprise20,gdelt,sentiment,surprise20,623,0.9839486356340289,613,0.5227092877967514,0.3277381003668629,-1,4,0.5581018940271298,0.022731567976940665,0.5285714285714285,1.0,0.43029556650246303,0.0013194526329984434
AAPL,google_trends__level__delta1,google_trends,level,delta1,623,0.9967897271268058,621,0.5064348188254895,0.7820184556779144,-1,4,0.44599407676229297,0.03748260610229999,0.3877551020408163,0.0,0.46502463054187193,0.0
AAPL,google_trends__level__delta2,google_trends,level,delta2,623,0.9951845906902087,620,0.5071688879633487,0.7578719645665934,-1,4,0.47030399976659254,0.04097844151122172,0.41632860040567954,0.25,0.47056650246305415,0.0
AAPL,google_trends__level__gap_roll3,google_trends,level,gap_roll3,623,0.9967897271268058,621,0.5001561849229488,0.9946444398259782,-1,4,0.4784743983511983,0.04913698756469252,0.42849898580121704,0.5,0.466871921182266,0.0
AAPL,google_trends__level__gap_roll5,google_trends,level,gap_roll5,623,0.9951845906902087,620,0.5095845481049562,0.6801469957732071,-1,4,0.4754573960826402,0.05371211300024623,0.3926282051282052,0.25,0.45985221674876847,0.0
AAPL,google_trends__level__lag2,google_trends,level,lag2,623,0.9967897271268058,621,0.5224073302790504,0.3342368908503912,1,4,0.47199563969092806,0.0801784024460775,0.3727180527383367,0.25,0.49507389162561577,0.0
AAPL,google_trends__level__lag3,google_trends,level,lag3,623,0.9951845906902087,620,0.5193721366097459,0.4040629237142199,1,4,0.4428402665125559,0.08931298907112098,0.3453346855983773,0.25,0.5007389162561576,0.0
AAPL,google_trends__level__level,google_trends,level,level,623,0.9983948635634029,622,0.5172636401499375,0.45728519390481637,1,4,0.4709487102802524,0.10866054448822465,0.3824786324786325,0.25,0.5043103448275862,0.0
AAPL,google_trends__level__roll3,google_trends,level,roll3,623,0.9967897271268058,621,0.5224073302790504,0.3342368908503912,1,4,0.4551846550233518,0.09166657344173118,0.35344827586206895,0.25,0.49716748768472907,0.0
AAPL,google_trends__level__roll5,google_trends,level,roll5,623,0.9951845906902087,620,0.5200281132861307,0.3882838922885252,1,4,0.4782827355079962,0.08927829683148437,0.36916835699797157,0.5,0.5112068965517241,0.0
AAPL,google_trends__level__spike20,google_trends,level,spike20,623,1.0,623,0.5115160349854228,0.6202783239881708,-1,4,0.4999375564722487,0.030872891026856655,0.46071428571428574,0.25,0.5019704433497537,0.0
AAPL,google_trends__level__surprise20,google_trends,level,surprise20,623,0.9839486356340289,613,0.5170137442732196,0.4638408382422714,-1,4,0.49405701426382265,0.08057925319515682,0.36195652173913045,0.5,0.5071428571428571,0.0
AAPL,reddit_attention__comments_total_log__delta1,reddit_attention,comments_total_log,delta1,623,0.9983948635634029,622,0.506231778425656,0.7887349139004365,-1,4,0.45885187975547737,0.03308445091453352,0.42065217391304355,0.0,0.4859605911330049,0.0
AAPL,reddit_attention__comments_total_log__delta2,reddit_attention,comments_total_log,delta2,623,0.9967897271268058,621,0.5162900874635569,0.4831133374481693,1,4,0.5076658009146072,0.04986581113721083,0.4503042596348884,0.5,0.5073891625615764,6.243828368858296e-05
AAPL,reddit_attention__comments_total_log__gap_roll3,reddit_attention,comments_total_log,gap_roll3,623,0.9983948635634029,622,0.5006976259891711,0.9760810031242109,-1,4,0.4736153185758215,0.010714578517602293,0.46020408163265303,0.0,0.48275862068965514,0.0
AAPL,reddit_attention__comments_total_log__gap_roll5,reddit_attention,comments_total_log,gap_roll5,623,0.9967897271268058,621,0.5016347355268638,0.9439848668857129,-1,4,0.49722986626703886,0.023140883491630872,0.4604462474645031,0.5,0.454679802955665,0.0
AAPL,reddit_attention__comments_total_log__lag2,reddit_attention,comments_total_log,lag2,623,0.9983948635634029,622,0.5178311120366513,0.4425910608446917,1,4,0.45916953098657676,0.06737391345074087,0.35,0.25,0.5178571428571428,0.0
AAPL,reddit_attention__comments_total_log__lag3,reddit_attention,comments_total_log,lag3,623,0.9967897271268058,621,0.511911703456893,0.6082982429858457,-1,4,0.47688361970706095,0.05707166129169579,0.3924949290060852,0.5,0.4937192118226601,0.0
AAPL,reddit_attention__comments_total_log__level,reddit_attention,comments_total_log,level,623,1.0,623,0.5021241149521033,0.9272544638556885,1,4,0.4748933871784211,0.04298668999623613,0.4214285714285715,0.5,0.5724137931034482,0.0
AAPL,reddit_attention__comments_total_log__roll3,reddit_attention,comments_total_log,roll3,623,0.9983948635634029,622,0.5153894210745523,0.5076874062153369,1,4,0.482469583237516,0.06920324538406518,0.4153061224489796,0.5,0.5376847290640394,0.0
AAPL,reddit_attention__comments_total_log__roll5,reddit_attention,comments_total_log,roll5,623,0.9967897271268058,621,0.5137598917117868,0.5537398558509758,1,4,0.4978167459176036,0.10588491557508142,0.3464285714285714,0.5,0.4987684729064039,0.0
AAPL,reddit_attention__comments_total_log__spike20,reddit_attention,comments_total_log,spike20,623,1.0,623,0.5120626822157435,0.6037538455439888,1,4,0.5119567296991452,0.023173740983320472,0.47515212981744415,0.75,0.5140394088669951,0.00010817267302524779
AAPL,reddit_attention__comments_total_log__surprise20,reddit_attention,comments_total_log,surprise20,623,0.985553772070626,614,0.507210537276135,0.756508635386445,1,4,0.5040070144268833,0.04439093522387283,0.4572649572649573,0.5,0.5588669950738916,1.4446363445526443e-05
AAPL,reddit_attention__posts_total_log__delta1,reddit_attention,posts_total_log,delta1,623,0.9983948635634029,622,0.506606622240733,0.7763477015602058,1,4,0.4236092973978889,0.06299238931765336,0.3755434782608696,0.25,0.5724137931034483,0.0
AAPL,reddit_attention__posts_total_log__delta2,reddit_attention,posts_total_log,delta2,623,0.9967897271268058,621,0.5017544773011244,0.9398888105471828,1,4,0.43468241941569613,0.0708248294213571,0.32663043478260867,0.25,0.47881773399014776,0.0
AAPL,reddit_attention__posts_total_log__gap_roll3,reddit_attention,posts_total_log,gap_roll3,623,0.9983948635634029,622,0.5034673052894627,0.8815145484056244,1,4,0.477374245550294,0.08761248486356682,0.3304347826086957,0.5,0.5307881773399015,0.0
AAPL,reddit_attention__posts_total_log__gap_roll5,reddit_attention,posts_total_log,gap_roll5,623,0.9967897271268058,621,0.5040399833402749,0.8621202222812636,1,4,0.47113530185072144,0.08115370161291942,0.3391304347826087,0.5,0.5253694581280788,0.0
AAPL,reddit_attention__posts_total_log__lag2,reddit_attention,posts_total_log,lag2,623,0.9983948635634029,622,0.529201374427322,0.20764920904376227,-1,4,0.5385209945470518,0.050533993009850474,0.507606490872211,1.0,0.5400246305418719,0.0011248659850812877
AAPL,reddit_attention__posts_total_log__lag3,reddit_attention,posts_total_log,lag3,623,0.9967897271268058,621,0.5120991253644315,0.6026591798492171,-1,4,0.4195112380188303,0.061384059470472915,0.3260204081632652,0.0,0.42167487684729066,0.0
AAPL,reddit_attention__posts_total_log__level,reddit_attention,posts_total_log,level,623,1.0,623,0.5166076634735527,0.47460316234141997,-1,4,0.494554422795528,0.0932159399663104,0.40865384615384615,0.25,0.4437192118226601,0.0
AAPL,reddit_attention__posts_total_log__roll3,reddit_attention,posts_total_log,roll3,623,0.9983948635634029,622,0.5247136609745939,0.2866710519397433,-1,4,0.4804867449709288,0.05821254240423555,0.4346938775510204,0.25,0.466871921182266,0.0
AAPL,reddit_attention__posts_total_log__roll5,reddit_attention,posts_total_log,roll5,623,0.9967897271268058,621,0.5300083298625573,0.19528611043857014,-1,4,0.46219905234226855,0.06805341301600129,0.3770408163265306,0.25,0.4408866995073892,0.0
AAPL,reddit_attention__posts_total_log__spike20,reddit_attention,posts_total_log,spike20,623,1.0,623,0.5177113702623907,0.44566925614351716,-1,4,0.5216793298163458,0.056381576832950614,0.4439102564102564,0.75,0.4990147783251232,0.0002879779780633397
AAPL,reddit_attention__posts_total_log__surprise20,reddit_attention,posts_total_log,surprise20,623,0.985553772070626,614,0.5002811328613078,0.9903600714749745,1,4,0.4632133809199688,0.09206928546080283,0.3293478260869565,0.25,0.566256157635468,0.0
AAPL,reddit_attention__score_total_signed_log__delta1,reddit_attention,score_total_signed_log,delta1,623,0.9983948635634029,622,0.5016451478550603,0.9436286308035611,-1,4,0.4800384915816171,0.03759559555136912,0.4357142857142857,0.5,0.4716748768472906,0.0
AAPL,reddit_attention__score_total_signed_log__delta2,reddit_attention,score_total_signed_log,delta2,623,0.9967897271268058,621,0.505466472303207,0.8141855283906858,-1,4,0.4545671325655546,0.05684071976471361,0.38945233265720086,0.25,0.5266009852216749,0.0
AAPL,reddit_attention__score_total_signed_log__gap_roll3,reddit_attention,score_total_signed_log,gap_roll3,623,0.9983948635634029,622,0.5055393586005832,0.8117529163144177,-1,4,0.4770711059959293,0.04273670682849994,0.43103448275862066,0.25,0.5061576354679803,0.0
AAPL,reddit_attention__score_total_signed_log__gap_roll5,reddit_attention,score_total_signed_log,gap_roll5,623,0.9967897271268058,621,0.5023844231570179,0.9183673782988981,1,4,0.4724774919386122,0.05460343491060591,0.42494929006085197,0.25,0.5036945812807881,0.0
AAPL,reddit_attention__score_total_signed_log__lag2,reddit_attention,score_total_signed_log,lag2,623,0.9983948635634029,622,0.5102613494377343,0.6589172179158056,-1,4,0.5130913805956012,0.05595510998746281,0.4206521739130435,0.75,0.5019704433497536,0.00010075142318537842
AAPL,reddit_attention__score_total_signed_log__lag3,reddit_attention,score_total_signed_log,lag3,623,0.9967897271268058,621,0.5006091211995002,0.9791148895180859,-1,4,0.4207677361299343,0.06623548528730183,0.3438775510204082,0.0,0.45541871921182264,0.0
AAPL,reddit_attention__score_total_signed_log__level,reddit_attention,score_total_signed_log,level,623,1.0,623,0.5111411911703456,0.6317203085406355,-1,4,0.4891623110244367,0.07748639963280902,0.39948979591836736,0.25,0.4763546798029556,0.0
AAPL,reddit_attention__score_total_signed_log__roll3,reddit_attention,score_total_signed_log,roll3,623,0.9983948635634029,622,0.510131195335277,0.662979552016342,-1,4,0.47519451568348864,0.08016607831269128,0.40816326530612246,0.25,0.4645320197044335,0.0
AAPL,reddit_attention__score_total_signed_log__roll5,reddit_attention,score_total_signed_log,roll5,623,0.9967897271268058,621,0.5173157017909205,0.455925934025613,-1,4,0.4491637761474482,0.09307963632381286,0.36511156186612576,0.25,0.4869458128078818,0.0
AAPL,reddit_attention__score_total_signed_log__spike20,reddit_attention,score_total_signed_log,spike20,623,1.0,623,0.5003644314868805,0.9875039315069567,-1,4,0.4677413535475313,0.04012589826820139,0.43214285714285716,0.25,0.5004926108374385,0.0
AAPL,reddit_attention__score_total_signed_log__surprise20,reddit_attention,score_total_signed_log,surprise20,623,0.985553772070626,614,0.5093606830487297,0.687225486243821,-1,4,0.5139688511971121,0.07507297641597482,0.42857142857142855,0.25,0.46576354679802956,3.2689497152758805e-05
AAPL,reddit_attention__weight_total_log__delta1,reddit_attention,weight_total_log,delta1,623,0.9983948635634029,622,0.5032278217409413,0.8896460948323746,1,4,0.48141006623692806,0.08908741344293812,0.363265306122449,0.5,0.5610837438423646,0.0
AAPL,reddit_attention__weight_total_log__delta2,reddit_attention,weight_total_log,delta2,623,0.9967897271268058,621,0.5008850478967097,0.9696573698186106,-1,4,0.4348234555806715,0.07947678865110476,0.30652173913043484,0.25,0.5216748768472906,0.0
AAPL,reddit_attention__weight_total_log__gap_roll3,reddit_attention,weight_total_log,gap_roll3,623,0.9983948635634029,622,0.5010932944606414,0.9625221172294165,1,4,0.4692730970256861,0.0832751103821833,0.32934782608695656,0.5,0.5199507389162562,0.0
AAPL,reddit_attention__weight_total_log__gap_roll5,reddit_attention,weight_total_log,gap_roll5,623,0.9967897271268058,621,0.5014264889629321,0.9511117238522757,1,4,0.4707330968946223,0.07805296850031274,0.3467391304347826,0.5,0.5238916256157635,0.0
AAPL,reddit_attention__weight_total_log__lag2,reddit_attention,weight_total_log,lag2,623,0.9983948635634029,622,0.526692003331945,0.24965667029040906,-1,4,0.5389256231074293,0.04098578528014461,0.49465811965811973,0.75,0.5362068965517242,0.0007792521462611535
AAPL,reddit_attention__weight_total_log__lag3,reddit_attention,weight_total_log,lag3,623,0.9967897271268058,621,0.5067211578508954,0.7725736652378696,-1,4,0.4149102002312477,0.06261277274041542,0.32551020408163267,0.0,0.42241379310344823,0.0
AAPL,reddit_attention__weight_total_log__level,reddit_attention,weight_total_log,level,623,1.0,623,0.5197261557684298,0.3955006518784179,-1,4,0.5007492615698492,0.10259402268107559,0.4049145299145299,0.25,0.4529556650246305,3.6950126095360195e-06
AAPL,reddit_attention__weight_total_log__roll3,reddit_attention,weight_total_log,roll3,623,0.9983948635634029,622,0.5239379425239483,0.30213740191023186,-1,4,0.4853588882983324,0.0774404165405368,0.41122448979591836,0.25,0.467487684729064,0.0
AAPL,reddit_attention__weight_total_log__roll5,reddit_attention,weight_total_log,roll5,623,0.9967897271268058,621,0.5326738858808829,0.15825295405935003,-1,4,0.4567135294128416,0.07953561420297657,0.35714285714285715,0.25,0.44778325123152707,0.0
AAPL,reddit_attention__weight_total_log__spike20,reddit_attention,weight_total_log,spike20,623,1.0,623,0.515597667638484,0.5019485537879755,-1,4,0.5179227310229824,0.06511540400294173,0.43108974358974356,0.75,0.491871921182266,0.00020966460125281926
AAPL,reddit_attention__weight_total_log__surprise20,reddit_attention,weight_total_log,surprise20,623,0.985553772070626,614,0.5025926697209496,0.9112647100884907,-1,4,0.4582612748516929,0.08994961395595787,0.32282608695652176,0.25,0.44064039408867,0.0
AAPL,reddit_sentiment__finbert__delta1,reddit_sentiment,finbert,delta1,623,0.9983948635634029,622,0.50634110787172,0.7851164118328318,1,4,0.48101608497933446,0.08214374365913028,0.38354700854700857,0.5,0.39926108374384234,0.0
AAPL,reddit_sentiment__finbert__delta2,reddit_sentiment,finbert,delta2,623,0.9967897271268058,621,0.5118075801749271,0.6114410373726187,1,4,0.45609563348270155,0.05790599947861043,0.36004273504273504,0.25,0.4093596059113301,0.0
AAPL,reddit_sentiment__finbert__gap_roll3,reddit_sentiment,finbert,gap_roll3,623,0.9983948635634029,622,0.5107351103706789,0.6442145874227991,1,4,0.46238339798303507,0.06939414791896062,0.3632478632478633,0.5,0.38916256157635465,0.0
AAPL,reddit_sentiment__finbert__gap_roll5,reddit_sentiment,finbert,gap_roll5,623,0.9967897271268058,621,0.5189400249895877,0.41466116427360267,1,4,0.4760836985776512,0.05127928088533066,0.39957264957264954,0.25,0.42536945812807886,0.0
AAPL,reddit_sentiment__finbert__lag2,reddit_sentiment,finbert,lag2,623,0.9983948635634029,622,0.5023844231570179,0.9183673782988981,-1,4,0.45356451041570667,0.06456147103436555,0.3847826086956522,0.25,0.454679802955665,0.0
AAPL,reddit_sentiment__finbert__lag3,reddit_sentiment,finbert,lag3,623,0.9967897271268058,621,0.5107455226988755,0.6438929612092028,-1,4,0.5011729963964981,0.051080755228718834,0.42414529914529914,0.5,0.4820197044334975,6.302229702135027e-06
AAPL,reddit_sentiment__finbert__level,reddit_sentiment,finbert,level,623,1.0,623,0.5052686380674718,0.8207971149834064,1,4,0.4490331306281786,0.053510233818841076,0.38354700854700857,0.25,0.4160098522167488,0.0
AAPL,reddit_sentiment__finbert__roll3,reddit_sentiment,finbert,roll3,623,0.9983948635634029,622,0.5002498958767181,0.9914311492536105,1,4,0.48096022728470156,0.042258521687644414,0.4249492900608519,0.5,0.4763546798029557,0.0
AAPL,reddit_sentiment__finbert__roll5,reddit_sentiment,finbert,roll5,623,0.9967897271268058,621,0.5274677217825906,0.23608729745497747,-1,4,0.5708239473469778,0.03850914038149813,0.5405679513184584,1.0,0.5699507389162562,0.0019453724812716331
AAPL,reddit_sentiment__finbert__spike20,reddit_sentiment,finbert,spike20,623,1.0,623,0.5055029154518951,0.812969001556072,-1,4,0.48852516514044203,0.04708578454609287,0.4086538461538461,0.75,0.5261083743842365,0.0
AAPL,reddit_sentiment__finbert__surprise20,reddit_sentiment,finbert,surprise20,623,0.985553772070626,614,0.5056747188671388,0.8072399412437385,1,4,0.4430468716145206,0.05747871970593602,0.36538461538461536,0.25,0.4325123152709359,0.0
AAPL,reddit_sentiment__gap__delta1,reddit_sentiment,gap,delta1,623,0.9983948635634029,622,0.5446272386505622,0.05322274182687092,1,4,0.5744833236796815,0.031123613959668006,0.541304347826087,1.0,0.5507389162561577,0.004234433730744603
AAPL,reddit_sentiment__gap__delta2,reddit_sentiment,gap,delta2,623,0.9967897271268058,621,0.5151082882132445,0.5154884564256825,1,4,0.5395425927838555,0.04200059887261561,0.4934782608695652,0.75,0.554679802955665,0.00044806566635808865
AAPL,reddit_sentiment__gap__gap_roll3,reddit_sentiment,gap,gap_roll3,623,0.9983948635634029,622,0.5312786339025406,0.1769208625928651,1,4,0.5610670514698017,0.03763445148743175,0.4989130434782609,0.75,0.5623152709359607,0.0014325704598236492
AAPL,reddit_sentiment__gap__gap_roll5,reddit_sentiment,gap,gap_roll5,623,0.9967897271268058,621,0.5338608912952936,0.14356815041879178,1,4,0.5570163452495134,0.06145688479115438,0.48913043478260865,0.75,0.5344827586206896,0.0014479682014115255
AAPL,reddit_sentiment__gap__lag2,reddit_sentiment,gap,lag2,623,0.9983948635634029,622,0.5359225322782174,0.1205545282350946,-1,4,0.5358096537927054,0.05012605857300145,0.45537525354969577,0.75,0.547783251231527,0.0009647800831801873
AAPL,reddit_sentiment__gap__lag3,reddit_sentiment,gap,lag3,623,0.9967897271268058,621,0.5270408163265305,0.24348972402437274,1,4,0.5262060081019299,0.09119095029196853,0.38247863247863245,0.75,0.4522167487684729,0.0005314738888018925
AAPL,reddit_sentiment__gap__level,reddit_sentiment,gap,level,623,1.0,623,0.5383381924198251,0.09734795436552002,1,4,0.582776472369596,0.0600547958218706,0.533695652173913,1.0,0.5379310344827585,0.003210545134824437
AAPL,reddit_sentiment__gap__roll3,reddit_sentiment,gap,roll3,623,0.9983948635634029,622,0.5212827988338193,0.3591558761281388,1,4,0.5209122832425939,0.12399801359107811,0.3952991452991453,0.5,0.45418719211822656,0.0002225359587039882
AAPL,reddit_sentiment__gap__roll5,reddit_sentiment,gap,roll5,623,0.9967897271268058,621,0.5302998750520617,0.19095349933110106,1,4,0.5537072009828803,0.05074591895899166,0.4797008547008547,0.75,0.5051724137931035,0.0012204911093829272
AAPL,reddit_sentiment__gap__spike20,reddit_sentiment,gap,spike20,623,1.0,623,0.5158892128279884,0.49397147608863134,1,4,0.5283928030328726,0.04075389446038979,0.47880434782608694,0.75,0.5152709359605911,0.0003383544676293503
AAPL,reddit_sentiment__gap__surprise20,reddit_sentiment,gap,surprise20,623,0.985553772070626,614,0.5429300291545189,0.06307012180340443,1,4,0.5782640648232538,0.061677159093607006,0.5076086956521739,1.0,0.5236453201970444,0.00403244674986753
AAPL,reddit_sentiment__mean__delta1,reddit_sentiment,mean,delta1,623,0.9983948635634029,622,0.5280508121615993,0.22623332001224306,1,4,0.5285186240336291,0.08225702087110799,0.40705128205128205,0.75,0.4512315270935961,0.0005999779244059524
AAPL,reddit_sentiment__mean__delta2,reddit_sentiment,mean,delta2,623,0.9967897271268058,621,0.510453977509371,0.652923141209472,1,4,0.4631287730176836,0.027940632831703647,0.4198717948717949,0.0,0.4600985221674877,0.0
AAPL,reddit_sentiment__mean__gap_roll3,reddit_sentiment,mean,gap_roll3,623,0.9983948635634029,622,0.5201166180758017,0.3861837565984445,1,4,0.4830794748222589,0.05466160625745847,0.41452991452991456,0.5,0.4536945812807882,0.0
AAPL,reddit_sentiment__mean__gap_roll5,reddit_sentiment,mean,gap_roll5,623,0.9967897271268058,621,0.5363702623906705,0.11595696934749644,1,4,0.48490876100949737,0.0609178342926211,0.38675213675213677,0.5,0.45,0.0
AAPL,reddit_sentiment__mean__lag2,reddit_sentiment,mean,lag2,623,0.9983948635634029,622,0.5232507288629737,0.3162896391020973,-1,4,0.5658860248631803,0.08330807117596341,0.46474358974358976,0.75,0.466256157635468,0.001148923574964714
AAPL,reddit_sentiment__mean__lag3,reddit_sentiment,mean,lag3,623,0.9967897271268058,621,0.5092982090795503,0.6892057377894598,1,4,0.4837463572097043,0.019136498823758428,0.45760869565217394,0.25,0.5039408866995074,0.0
AAPL,reddit_sentiment__mean__level,reddit_sentiment,mean,level,623,1.0,623,0.5215535193669305,0.3530538335421909,1,4,0.481507186448177,0.0619230625015354,0.3803418803418803,0.5,0.44064039408866995,0.0
AAPL,reddit_sentiment__mean__roll3,reddit_sentiment,mean,roll3,623,0.9983948635634029,622,0.5162848812994586,0.483253526989726,1,4,0.4997843566173635,0.0359484932167558,0.4604700854700855,0.5,0.4564039408866995,0.0
AAPL,reddit_sentiment__mean__roll5,reddit_sentiment,mean,roll5,623,0.9967897271268058,621,0.513088296543107,0.5732901806985982,-1,4,0.550194929199912,0.04599885915933932,0.48580121703853957,0.75,0.5507389162561577,0.0004927245887465294
AAPL,reddit_sentiment__mean__spike20,reddit_sentiment,mean,spike20,623,1.0,623,0.5158892128279884,0.49397147608863134,1,4,0.483774085403969,0.03701823279411209,0.44642857142857145,0.5,0.42068965517241386,0.0
AAPL,reddit_sentiment__mean__surprise20,reddit_sentiment,mean,surprise20,623,0.985553772070626,614,0.5297792586422323,0.19874002330508933,1,4,0.47867595515890593,0.05803656939268357,0.37820512820512825,0.75,0.4438423645320197,0.0
AAPL,reddit_sentiment__vader__delta1,reddit_sentiment,vader,delta1,623,0.9983948635634029,622,0.5485839233652645,0.0351192162833911,1,4,0.5582582986102602,0.06676884615893003,0.4508547008547008,0.75,0.49261083743842365,0.003087535698779533
AAPL,reddit_sentiment__vader__delta2,reddit_sentiment,vader,delta2,623,0.9967897271268058,621,0.5091107871720117,0.6951590316435876,1,4,0.491176512218696,0.011424706560124594,0.4782608695652174,0.25,0.4990147783251232,0.0
AAPL,reddit_sentiment__vader__gap_roll3,reddit_sentiment,vader,gap_roll3,623,0.9983948635634029,622,0.5301228654727197,0.19357558199265412,1,4,0.5136117337605092,0.02454759489044197,0.48673469387755103,0.5,0.48793103448275865,0.00020501221245914736
AAPL,reddit_sentiment__vader__gap_roll5,reddit_sentiment,vader,gap_roll5,623,0.9967897271268058,621,0.5442628071636818,0.05522233534910326,1,4,0.5180657684786135,0.04976866871354825,0.43482905982905984,0.75,0.480295566502463,0.0007543930439999468
AAPL,reddit_sentiment__vader__lag2,reddit_sentiment,vader,lag2,623,0.9983948635634029,622,0.5346834652228238,0.1340153114142375,-1,4,0.5554551042344436,0.07863500519053884,0.4561965811965812,0.75,0.520935960591133,0.0014425313843575455
AAPL,reddit_sentiment__vader__lag3,reddit_sentiment,vader,lag3,623,0.9967897271268058,621,0.5250416493127863,0.28029354627653547,1,4,0.5248273590564893,0.042879256913580154,0.45726495726495725,0.75,0.48472906403940885,0.00046628851414142445
AAPL,reddit_sentiment__vader__level,reddit_sentiment,vader,level,623,1.0,623,0.5387755102040817,0.09355254162691384,1,4,0.5204410794033525,0.06246416019157174,0.4316239316239317,0.75,0.47635467980295565,0.0006116662545993418
AAPL,reddit_sentiment__vader__roll3,reddit_sentiment,vader,roll3,623,0.9983948635634029,622,0.5175864223240316,0.44889409579834294,1,4,0.5081599920750985,0.08307315368414997,0.3931623931623932,0.5,0.4426108374384236,7.175253339671708e-05
AAPL,reddit_sentiment__vader__roll5,reddit_sentiment,vader,roll5,623,0.9967897271268058,621,0.5037796751353603,0.870926511060981,1,4,0.5024205677542612,0.045113592162451095,0.4340770791075051,0.5,0.46871921182266013,4.574479877118035e-06
AAPL,reddit_sentiment__vader__spike20,reddit_sentiment,vader,spike20,623,1.0,623,0.5215743440233236,0.3525871466568027,1,4,0.4967456407946641,0.04016805662133569,0.44285714285714284,0.5,0.49236453201970437,0.0
AAPL,reddit_sentiment__vader__surprise20,reddit_sentiment,vader,surprise20,623,0.985553772070626,614,0.5488025822573928,0.03429325246324977,1,4,0.5163560225727934,0.05313230791443589,0.44230769230769235,0.75,0.46748768472906405,0.0008769150537034329
TSLA,gdelt__articles_log__delta1,gdelt,articles_log,delta1,623,0.9967897271268058,621,0.5255410451610241,0.2691056525184472,-1,4,0.5105290688740899,0.04689932741823826,0.4572649572649573,0.5,0.4959469417833456,0.0001344617118083313
TSLA,gdelt__articles_log__delta2,gdelt,articles_log,delta2,623,0.9951845906902087,620,0.5113882527696973,0.6227318828414024,-1,4,0.4355059454726355,0.029089409194163845,0.407258064516129,0.0,0.49545566199950875,0.0
TSLA,gdelt__articles_log__gap_roll3,gdelt,articles_log,gap_roll3,623,0.9967897271268058,621,0.5256854614099151,0.2663976893165798,-1,4,0.47405667930518913,0.029819202153468383,0.4424242424242424,0.25,0.4961925816752641,0.0
TSLA,gdelt__articles_log__gap_roll5,gdelt,articles_log,gap_roll5,623,0.9951845906902087,620,0.5200532277031628,0.38591652560402867,-1,4,0.450466575072115,0.03558346351760644,0.3951612903225806,0.0,0.46303119626627365,0.0
TSLA,gdelt__articles_log__lag2,gdelt,articles_log,lag2,623,0.9967897271268058,621,0.5178044603990014,0.44152502561401263,-1,4,0.5279982478319172,0.03541080308605113,0.475,0.75,0.47813804961925815,0.0003738702710735974
TSLA,gdelt__articles_log__lag3,gdelt,articles_log,lag3,623,0.9951845906902087,620,0.5235914258009944,0.30749735223286123,-1,4,0.5016751235654637,0.07317964944696906,0.4173913043478261,0.5,0.46217145664455905,1.9759276651067392e-05
TSLA,gdelt__articles_log__level,gdelt,articles_log,level,623,0.9983948635634029,622,0.5398021497390192,0.08423511708058373,-1,4,0.46897041216049806,0.051722508711629235,0.4081196581196581,0.5,0.45062638172439207,0.0
TSLA,gdelt__articles_log__roll3,gdelt,articles_log,roll3,623,0.9967897271268058,621,0.5244166615089435,0.29082909043017136,-1,4,0.5075384280963698,0.05700222731723027,0.42842741935483875,0.5,0.46008351756325233,9.203162356928589e-05
TSLA,gdelt__articles_log__roll5,gdelt,articles_log,roll5,623,0.9951845906902087,620,0.5254069443584823,0.27163690747835245,-1,4,0.45493127309615744,0.0635764268426841,0.39021739130434785,0.5,0.4814541881601572,0.0
TSLA,gdelt__articles_log__spike20,gdelt,articles_log,spike20,623,1.0,623,0.5163912442491386,0.47867927105908636,-1,4,0.47975371329815575,0.03847927011055045,0.4182692307692308,0.25,0.456644559076394,0.0
TSLA,gdelt__articles_log__surprise20,gdelt,articles_log,surprise20,623,0.9839486356340289,613,0.5432010893111345,0.060723767175298704,-1,4,0.4717818150759946,0.01943056415520495,0.4465811965811966,0.25,0.4539425202652911,0.0
TSLA,gdelt__robust__delta1,gdelt,robust,delta1,623,0.9967897271268058,621,0.5252161086010191,0.2752668665150524,-1,4,0.5136299306311578,0.04986034644820199,0.4540598290598291,0.75,0.49643822156718254,0.0002577703582647238
TSLA,gdelt__robust__delta2,gdelt,robust,delta2,623,0.9951845906902087,620,0.5106919601411153,0.6441688547325672,-1,4,0.43604261782513887,0.030490062110755823,0.4102822580645161,0.0,0.49742078113485627,0.0
TSLA,gdelt__robust__gap_roll3,gdelt,robust,gap_roll3,623,0.9967897271268058,621,0.5233386973654349,0.31272496807181493,-1,4,0.4715992032064087,0.032109838638828665,0.44230769230769235,0.25,0.49840334070253006,0.0
TSLA,gdelt__robust__gap_roll5,gdelt,robust,gap_roll5,623,0.9951845906902087,620,0.5187328505704442,0.4180356824212028,-1,4,0.4514320758425773,0.035606124186158106,0.39818548387096775,0.0,0.47015475313190863,0.0
TSLA,gdelt__robust__lag2,gdelt,robust,lag2,623,0.9967897271268058,621,0.5178044603990014,0.44152502561401263,-1,4,0.5279982478319172,0.03541080308605113,0.475,0.75,0.47813804961925815,0.0003738702710735974
TSLA,gdelt__robust__lag3,gdelt,robust,lag3,623,0.9951845906902087,620,0.5235862680778197,0.30760346171571173,-1,4,0.5016751235654637,0.07317964944696906,0.4173913043478261,0.5,0.46217145664455905,1.9754956739250383e-05
TSLA,gdelt__robust__level,gdelt,robust,level,623,0.9983948635634029,622,0.5397918342926699,0.08431625775039331,-1,4,0.46897041216049806,0.051722508711629235,0.4081196581196581,0.5,0.45062638172439207,0.0
TSLA,gdelt__robust__roll3,gdelt,robust,roll3,623,0.9967897271268058,621,0.5238235233438551,0.3027472857301734,-1,4,0.5060632317075164,0.056595592944520795,0.42540322580645157,0.5,0.46106607713092607,7.222377106161003e-05
TSLA,gdelt__robust__roll5,gdelt,robust,roll5,623,0.9951845906902087,620,0.5239473087000475,0.3002338015770385,-1,4,0.4512040906829652,0.05804245479788695,0.3931623931623932,0.5,0.48194546794399407,0.0
TSLA,gdelt__robust__spike20,gdelt,robust,spike20,623,1.0,623,0.5195065090466464,0.39903054393665105,-1,4,0.4849620466314891,0.030357389164711326,0.4391025641025641,0.25,0.4481699828052076,0.0
TSLA,gdelt__robust__surprise20,gdelt,robust,surprise20,623,0.9839486356340289,613,0.5432320356501826,0.06053749168212019,-1,4,0.4712377033905786,0.021262842113711416,0.4423076923076923,0.25,0.45492507983296493,0.0
TSLA,gdelt__sentiment__delta1,gdelt,sentiment,delta1,623,0.9967897271268058,621,0.5191351529780693,0.4080878786754152,-1,4,0.5207253157178648,0.05850600023432328,0.4444444444444444,0.5,0.43527388847948906,0.00019829104339006434
TSLA,gdelt__sentiment__delta2,gdelt,sentiment,delta2,623,0.9951845906902087,620,0.513987745249737,0.5455698198243883,-1,4,0.5185246745423814,0.046324684198780886,0.4636752136752137,0.5,0.5039302382706952,0.00012955921416655958
TSLA,gdelt__sentiment__gap_roll3,gdelt,sentiment,gap_roll3,623,0.9967897271268058,621,0.5158238946999236,0.49405780748661954,-1,4,0.5102067409176455,0.03383582640298665,0.48434343434343435,0.5,0.4669614345369688,8.075519675511216e-05
TSLA,gdelt__sentiment__gap_roll5,gdelt,sentiment,gap_roll5,623,0.9951845906902087,620,0.5326071259103381,0.15780629344476527,-1,4,0.4943237940958839,0.04229910209507649,0.44747474747474747,0.25,0.48047162859248344,0.0
TSLA,gdelt__sentiment__lag2,gdelt,sentiment,lag2,623,0.9967897271268058,621,0.5023312908749562,0.9198166537823538,-1,4,0.48136308671459443,0.02836003459598911,0.4456521739130435,0.25,0.5470400393023827,0.0
TSLA,gdelt__sentiment__lag3,gdelt,sentiment,lag3,623,0.9951845906902087,620,0.51296651606115,0.5753190392186696,-1,4,0.49891688318888533,0.09324845548208623,0.4010869565217391,0.5,0.4676983542127241,0.0
TSLA,gdelt__sentiment__level,gdelt,sentiment,level,623,0.9983948635634029,622,0.5331280559509809,0.1512330484837907,-1,4,0.49965022534929615,0.05874374493139997,0.4151515151515151,0.5,0.46769835421272415,0.0
TSLA,gdelt__sentiment__roll3,gdelt,sentiment,roll3,623,0.9967897271268058,621,0.5203214293082461,0.379579751983262,-1,4,0.4993418395438907,0.0542776869644001,0.43478260869565216,0.5,0.4949643822156718,0.0
TSLA,gdelt__sentiment__roll5,gdelt,sentiment,roll5,623,0.9951845906902087,620,0.5034866208660849,0.8803247124791929,1,4,0.4680152173095722,0.06257073151197072,0.39717741935483875,0.5,0.5175632522721689,0.0
TSLA,gdelt__sentiment__spike20,gdelt,sentiment,spike20,623,1.0,623,0.5146376183697469,0.5270405410784691,-1,4,0.5072095436850433,0.06879204545409698,0.41666666666666663,0.5,0.5087202161631049,5.276527454084144e-05
TSLA,gdelt__sentiment__surprise20,gdelt,sentiment,surprise20,623,0.9839486356340289,613,0.5115945616966846,0.6164394701261711,-1,4,0.49796252353887344,0.03328460954468483,0.4404040404040404,0.75,0.48513878653893394,0.0
TSLA,google_trends__level__delta1,google_trends,level,delta1,623,0.9967897271268058,621,0.5217862226898557,0.3461021419200483,1,4,0.5080591047763208,0.06417969361871725,0.4032608695652174,0.75,0.45713583886023096,0.00013168308850335328
TSLA,google_trends__level__delta2,google_trends,level,delta2,623,0.9951845906902087,620,0.5214354975139774,0.35394306478691373,1,4,0.5264549412767768,0.04487244123581112,0.4733695652173914,0.5,0.488454925079833,0.0002835374139853845
TSLA,google_trends__level__gap_roll3,google_trends,level,gap_roll3,623,0.9967897271268058,621,0.5316581048461968,0.17032930528027523,1,4,0.5146771848855913,0.051303573291658064,0.42663043478260876,0.75,0.47703267010562517,0.00034848889346629903
TSLA,google_trends__level__gap_roll5,google_trends,level,gap_roll5,623,0.9951845906902087,620,0.525236739493718,0.27487286375569475,1,4,0.5672496037009975,0.04133052954164953,0.5176767676767675,1.0,0.5089658560550234,0.0016971607296578462
TSLA,google_trends__level__lag2,google_trends,level,lag2,623,0.9967897271268058,621,0.5060809556229497,0.7928475873837058,-1,4,0.4696352686973304,0.07545147091060647,0.3653846153846154,0.25,0.5607958732498157,0.0
TSLA,google_trends__level__lag3,google_trends,level,lag3,623,0.9951845906902087,620,0.5089228610921995,0.699934585509915,-1,4,0.4875883176012471,0.06137286394766003,0.3979700854700855,0.5,0.5681650700073692,0.0
TSLA,google_trends__level__level,google_trends,level,level,623,0.9983948635634029,622,0.5064110499061294,0.7818761591564432,1,4,0.4512510364664555,0.03773016571263146,0.4091880341880342,0.0,0.42458855318103655,0.0
TSLA,google_trends__level__roll3,google_trends,level,roll3,623,0.9967897271268058,621,0.506710197850261,0.7719701716335694,-1,4,0.465012636819702,0.06486959409053727,0.3685897435897436,0.25,0.5745517071972488,0.0
TSLA,google_trends__level__roll5,google_trends,level,roll5,623,0.9951845906902087,620,0.5070454498566154,0.7609122238945818,-1,4,0.4953904129219697,0.06881872507993993,0.3803418803418803,0.75,0.5771309260623927,0.0
TSLA,google_trends__level__spike20,google_trends,level,spike20,623,1.0,623,0.5178869839697964,0.4394072340570423,1,4,0.5409099848550234,0.034709130364491324,0.4969758064516129,0.75,0.502210759027266,0.0005488171824798121
TSLA,google_trends__level__surprise20,google_trends,level,surprise20,623,0.9839486356340289,613,0.5107177487569887,0.6433694996923718,-1,4,0.4688949069329066,0.035855018971830806,0.4331521739130434,0.25,0.564726111520511,0.0
TSLA,reddit_attention__comments_total_log__delta1,reddit_attention,comments_total_log,delta1,623,0.9983948635634029,622,0.5212085576942914,0.3590754099576323,-1,4,0.4739248401590618,0.04667239018994375,0.41330645161290325,0.25,0.44030950626381726,0.0
TSLA,reddit_attention__comments_total_log__delta2,reddit_attention,comments_total_log,delta2,623,0.9967897271268058,621,0.502950217655918,0.8986298087354059,-1,4,0.446025281403963,0.05395187904209974,0.3896739130434783,0.25,0.46499631540162123,0.0
TSLA,reddit_attention__comments_total_log__gap_roll3,reddit_attention,comments_total_log,gap_roll3,623,0.9983948635634029,622,0.50842771966743,0.7158500755395325,-1,4,0.4522735684332809,0.03547662102510688,0.40978260869565225,0.25,0.4500122819945959,0.0
TSLA,reddit_attention__comments_total_log__gap_roll5,reddit_attention,comments_total_log,gap_roll5,623,0.9967897271268058,621,0.5126364217779703,0.5850947520328826,-1,4,0.4428269335658887,0.03378161901240342,0.3934782608695652,0.0,0.45197740112994356,0.0
TSLA,reddit_attention__comments_total_log__lag2,reddit_attention,comments_total_log,lag2,623,0.9983948635634029,622,0.5081079408305997,0.7261946718906085,1,4,0.516466799086452,0.03912835657845087,0.451010101010101,0.75,0.43957258658806186,0.00010013387449674489
TSLA,reddit_attention__comments_total_log__lag3,reddit_attention,comments_total_log,lag3,623,0.9967897271268058,621,0.5222297868828784,0.3363440700859579,-1,4,0.5104109522237152,0.10052748240133497,0.3629032258064516,0.5,0.5286170474084991,0.00011571662459050917
TSLA,reddit_attention__comments_total_log__level,reddit_attention,comments_total_log,level,623,1.0,623,0.5263508076994492,0.25416222689963064,-1,4,0.4347097333718564,0.08246751495819034,0.3704637096774194,0.25,0.4764185703758291,0.0
TSLA,reddit_attention__comments_total_log__roll3,reddit_attention,comments_total_log,roll3,623,0.9983948635634029,622,0.5207082585463473,0.37055264263606746,-1,4,0.4611501033299333,0.11461341896561823,0.3059475806451613,0.5,0.5460574797347089,0.0
TSLA,reddit_attention__comments_total_log__roll5,reddit_attention,comments_total_log,roll5,623,0.9967897271268058,621,0.5102483959480927,0.6579809039357054,-1,4,0.5351524503040983,0.12710574070668146,0.3366935483870968,0.75,0.5423728813559322,0.0002701921719465378
TSLA,reddit_attention__comments_total_log__spike20,reddit_attention,comments_total_log,spike20,623,1.0,623,0.5166749190237461,0.47108828387153623,-1,4,0.5270400714584621,0.01910955408606153,0.5015151515151516,1.0,0.4771554900515843,0.00045089100196616283
TSLA,reddit_attention__comments_total_log__surprise20,reddit_attention,comments_total_log,surprise20,623,0.985553772070626,614,0.5153287532751541,0.5076901011290498,-1,4,0.4457700079062281,0.0429095049308714,0.4054347826086957,0.25,0.4618029968066814,0.0
TSLA,reddit_attention__posts_total_log__delta1,reddit_attention,posts_total_log,delta1,623,0.9983948635634029,622,0.505802438571517,0.8021364649626204,-1,4,0.4524695281927049,0.04278573175157159,0.3788043478260869,0.0,0.42815033161385413,0.0
TSLA,reddit_attention__posts_total_log__delta2,reddit_attention,posts_total_log,delta2,623,0.9967897271268058,621,0.5162674588929462,0.482012331349706,-1,4,0.48789435956555527,0.04858476551738515,0.41358695652173916,0.5,0.464873495455662,0.0
TSLA,reddit_attention__posts_total_log__gap_roll3,reddit_attention,posts_total_log,gap_roll3,623,0.9983948635634029,622,0.515462854077696,0.5039788089534742,-1,4,0.47645765972378873,0.04679626158057043,0.4,0.5,0.44853844264308523,0.0
TSLA,reddit_attention__posts_total_log__gap_roll5,reddit_attention,posts_total_log,gap_roll5,623,0.9967897271268058,621,0.5260258711394441,0.2600883798488032,-1,4,0.48588830913515346,0.05521833784020046,0.39456521739130435,0.5,0.43944976664210267,0.0
TSLA,reddit_attention__posts_total_log__lag2,reddit_attention,posts_total_log,lag2,623,0.9983948635634029,622,0.5146273029233974,0.5273321520908765,-1,4,0.5028091050487614,0.06916603633798234,0.4391025641025641,0.25,0.5577253746008353,1.0272407622969586e-05
TSLA,reddit_attention__posts_total_log__lag3,reddit_attention,posts_total_log,lag3,623,0.9967897271268058,621,0.5094180025169689,0.6841484723778612,-1,4,0.5111005021013348,0.06555375260081452,0.4148185483870968,0.5,0.525792188651437,5.227227836499501e-05
TSLA,reddit_attention__posts_total_log__level,reddit_attention,posts_total_log,level,623,1.0,623,0.5305440366404653,0.1859550433710231,-1,4,0.4651997516226567,0.07231501665723176,0.39673913043478265,0.25,0.4621714566445591,0.0
TSLA,reddit_attention__posts_total_log__roll3,reddit_attention,posts_total_log,roll3,623,0.9983948635634029,622,0.5255771492232468,0.26842691214165115,-1,4,0.4893491961229514,0.07960746241786698,0.4284188034188034,0.25,0.5178088921640874,0.0
TSLA,reddit_attention__posts_total_log__roll5,reddit_attention,posts_total_log,roll5,623,0.9967897271268058,621,0.5087320253347363,0.7060536954215848,-1,4,0.5377501507618531,0.08054533908691397,0.41481854838709675,0.75,0.5415131417342176,0.000247226454631961
TSLA,reddit_attention__posts_total_log__spike20,reddit_attention,posts_total_log,spike20,623,1.0,623,0.5149316085907036,0.5187640437703742,-1,4,0.4775852839744408,0.04488753798392449,0.4407051282051282,0.25,0.47236551215917466,0.0
TSLA,reddit_attention__posts_total_log__surprise20,reddit_attention,posts_total_log,surprise20,623,0.985553772070626,614,0.5240659363330651,0.2978380222623347,-1,4,0.48299292553324813,0.0592684692499667,0.39999999999999997,0.5,0.43748464750675514,0.0
TSLA,reddit_attention__score_total_signed_log__delta1,reddit_attention,score_total_signed_log,delta1,623,0.9983948635634029,622,0.5019650925295538,0.9323795716839067,-1,4,0.42775975242226993,0.06411930503875266,0.31739130434782603,0.0,0.3962171456644559,0.0
TSLA,reddit_attention__score_total_signed_log__delta2,reddit_attention,score_total_signed_log,delta2,623,0.9967897271268058,621,0.502852220915599,0.9019800469069903,-1,4,0.44510850664646245,0.041261919663261065,0.37717391304347825,0.0,0.4421518054532056,0.0
TSLA,reddit_attention__score_total_signed_log__gap_roll3,reddit_attention,score_total_signed_log,gap_roll3,623,0.9983948635634029,622,0.5019496193600297,0.9329107853485992,-1,4,0.44417832780823674,0.06133138354269359,0.3445652173913044,0.25,0.4126750184229919,0.0
TSLA,reddit_attention__score_total_signed_log__gap_roll5,reddit_attention,score_total_signed_log,gap_roll5,623,0.9967897271268058,621,0.5139464834643395,0.5467570006719873,-1,4,0.43073801247451315,0.048652196048509316,0.358695652173913,0.0,0.4197985752886269,0.0
TSLA,reddit_attention__score_total_signed_log__lag2,reddit_attention,score_total_signed_log,lag2,623,0.9983948635634029,622,0.5012069072228755,0.9584391983389096,1,4,0.5228488102107491,0.056390028716915036,0.45597826086956517,0.5,0.4307295504789978,1.3788197038732655e-05
TSLA,reddit_attention__score_total_signed_log__lag3,reddit_attention,score_total_signed_log,lag3,623,0.9967897271268058,621,0.5031410534133811,0.8921108168493066,-1,4,0.5096428602564648,0.07789340166709904,0.3939393939393939,0.5,0.5181773520019651,1.5144369561662864e-05
TSLA,reddit_attention__score_total_signed_log__level,reddit_attention,score_total_signed_log,level,623,1.0,623,0.5126209486084462,0.5855548583318895,-1,4,0.4210903811009,0.07120765387442689,0.3597826086956522,0.25,0.4340456890198968,0.0
TSLA,reddit_attention__score_total_signed_log__roll3,reddit_attention,score_total_signed_log,roll3,623,0.9983948635634029,622,0.5025840193105156,0.9111577390327603,-1,4,0.4648304404221305,0.09482918768738706,0.34475806451612906,0.25,0.5264062883812332,0.0
TSLA,reddit_attention__score_total_signed_log__roll5,reddit_attention,score_total_signed_log,roll5,623,0.9967897271268058,621,0.5100575601906294,0.6639593990985353,1,4,0.5134958779046261,0.10454859965866198,0.3464646464646464,0.75,0.4868582657823631,0.00010180170326337234
TSLA,reddit_attention__score_total_signed_log__spike20,reddit_attention,score_total_signed_log,spike20,623,1.0,623,0.5047038435353098,0.8390341339331644,-1,4,0.46000420512166657,0.014840173436694479,0.4439393939393939,0.0,0.4651191353475805,0.0
TSLA,reddit_attention__score_total_signed_log__surprise20,reddit_attention,score_total_signed_log,surprise20,623,0.985553772070626,614,0.5075199603886861,0.7453436833214082,-1,4,0.43216850816123253,0.05344722689584447,0.3826086956521739,0.25,0.4190616556128715,0.0
TSLA,reddit_attention__weight_total_log__delta1,reddit_attention,weight_total_log,delta1,623,0.9983948635634029,622,0.5013306925790679,0.9541808724979979,-1,4,0.4381565837057598,0.04701525698643468,0.35760869565217396,0.0,0.41906165561287156,0.0
TSLA,reddit_attention__weight_total_log__delta2,reddit_attention,weight_total_log,delta2,623,0.9967897271268058,621,0.514328154979266,0.5358241879013166,-1,4,0.4759765431311715,0.052971912702949625,0.39130434782608703,0.5,0.46376811594202894,0.0
TSLA,reddit_attention__weight_total_log__gap_roll3,reddit_attention,weight_total_log,gap_roll3,623,0.9983948635634029,622,0.5105217552763508,0.6494547854879866,-1,4,0.46771351821974194,0.05606566330020758,0.3739130434782609,0.25,0.43944976664210267,0.0
TSLA,reddit_attention__weight_total_log__gap_roll5,reddit_attention,weight_total_log,gap_roll5,623,0.9967897271268058,621,0.5224154649171668,0.33231191099253343,-1,4,0.4676614156452866,0.056812484875298226,0.37499999999999994,0.25,0.43011545074920166,0.0
TSLA,reddit_attention__weight_total_log__lag2,reddit_attention,weight_total_log,lag2,623,0.9983948635634029,622,0.5153339109983288,0.5075470967752602,-1,4,0.505134747109677,0.0630304160175066,0.4423076923076923,0.5,0.5612871530336527,3.93678775893565e-05
TSLA,reddit_attention__weight_total_log__lag3,reddit_attention,weight_total_log,lag3,623,0.9967897271268058,621,0.5065193620927977,0.7782853741809357,-1,4,0.47208510794371594,0.06711025818130015,0.4102822580645161,0.25,0.5207565708671089,0.0
TSLA,reddit_attention__weight_total_log__level,reddit_attention,weight_total_log,level,623,1.0,623,0.5260826060943656,0.25904688050086944,-1,4,0.4575675434897034,0.0768982349640878,0.3826086956521739,0.25,0.45787275853598625,0.0
TSLA,reddit_attention__weight_total_log__roll3,reddit_attention,weight_total_log,roll3,623,0.9983948635634029,622,0.5200016504714159,0.387142435662569,-1,4,0.48155572440065775,0.0828573542841808,0.41431451612903225,0.25,0.5219847703267011,0.0
TSLA,reddit_attention__weight_total_log__roll5,reddit_attention,weight_total_log,roll5,623,0.9967897271268058,621,0.5041571248787935,0.8575328124904986,-1,4,0.5108789014184352,0.08903463383119176,0.3636363636363636,0.75,0.5359862441660526,3.391871380538902e-05
TSLA,reddit_attention__weight_total_log__spike20,reddit_attention,weight_total_log,spike20,623,1.0,623,0.5150296053310227,0.5160200696845785,-1,4,0.48063015576931256,0.04486685497532493,0.42788461538461536,0.25,0.4651191353475805,0.0
TSLA,reddit_attention__weight_total_log__surprise20,reddit_attention,weight_total_log,surprise20,623,0.985553772070626,614,0.5203626910936436,0.3786105237035722,-1,4,0.4735276114527517,0.06288517997513003,0.3891304347826087,0.5,0.4325718496683862,0.0
TSLA,reddit_sentiment__finbert__delta1,reddit_sentiment,finbert,delta1,623,0.9983948635634029,622,0.5152978069361062,0.5085485670952741,1,4,0.4781825786318248,0.05577509926258585,0.42842741935483875,0.25,0.5244411692458855,0.0
TSLA,reddit_sentiment__finbert__delta2,reddit_sentiment,finbert,delta2,623,0.9967897271268058,621,0.5241690907965588,0.2957650564538452,1,4,0.5069220992016399,0.03506498044564412,0.4793478260869566,0.25,0.489560304593466,4.182521102680544e-05
TSLA,reddit_sentiment__finbert__gap_roll3,reddit_sentiment,finbert,gap_roll3,623,0.9983948635634029,622,0.5200841740422107,0.38518210870230263,1,4,0.48257926865482964,0.038703405858788044,0.4565217391304348,0.25,0.5092114959469418,0.0
TSLA,reddit_sentiment__finbert__gap_roll5,reddit_sentiment,finbert,gap_roll5,623,0.9967897271268058,621,0.5195787171710919,0.3972834250784776,1,4,0.5049609299653128,0.02993918310510213,0.4728260869565218,0.5,0.5146155735691477,4.8564322348227454e-05
TSLA,reddit_sentiment__finbert__lag2,reddit_sentiment,finbert,lag2,623,0.9983948635634029,622,0.5074941717728125,0.7461872254485902,1,4,0.4675423420470755,0.03099375952381713,0.4212121212121212,0.25,0.50159665929747,0.0
TSLA,reddit_sentiment__finbert__lag3,reddit_sentiment,finbert,lag3,623,0.9967897271268058,621,0.5041158630933961,0.8589322105348438,1,4,0.4950434256798212,0.028727189639424777,0.4626262626262626,0.5,0.5212478506509457,0.0
TSLA,reddit_sentiment__finbert__level,reddit_sentiment,finbert,level,623,1.0,623,0.5229467104041592,0.3209472194183749,1,4,0.4832335212901482,0.03973240792792107,0.45085470085470086,0.25,0.5141242937853108,0.0
TSLA,reddit_sentiment__finbert__roll3,reddit_sentiment,finbert,roll3,623,0.9983948635634029,622,0.512141280353201,0.5998999230333053,1,4,0.49625844804447544,0.011627980226861161,0.4850427350427351,0.25,0.5241955293539671,0.0
TSLA,reddit_sentiment__finbert__roll5,reddit_sentiment,finbert,roll5,623,0.9967897271268058,621,0.5204142683253905,0.37740111394046627,1,4,0.4876323108090289,0.038271103434826995,0.4252136752136752,0.25,0.48563006632277084,0.0
TSLA,reddit_sentiment__finbert__spike20,reddit_sentiment,finbert,spike20,623,1.0,623,0.5217862226898557,0.3461021419200483,1,4,0.5357794682380499,0.048586506536351534,0.4880434782608695,0.5,0.4877180054040776,0.0003897497313793879
TSLA,reddit_sentiment__finbert__surprise20,reddit_sentiment,finbert,surprise20,623,0.985553772070626,614,0.5172990035278826,0.4546221988365631,1,4,0.4890582805751985,0.04271634785242038,0.44052419354838707,0.5,0.5143699336772292,0.0
TSLA,reddit_sentiment__gap__delta1,reddit_sentiment,gap,delta1,623,0.9983948635634029,622,0.5205793154669802,0.37354688952430015,1,4,0.4983218165853159,0.07683821166761672,0.391304347826087,0.5,0.45173176123802505,0.0
TSLA,reddit_sentiment__gap__delta2,reddit_sentiment,gap,delta2,623,0.9967897271268058,621,0.514359101318314,0.5349425476465479,1,4,0.5309368822407918,0.03421805472499337,0.47676767676767673,0.75,0.4767870302137067,0.0003331693699262085
TSLA,reddit_sentiment__gap__gap_roll3,reddit_sentiment,gap,gap_roll3,623,0.9983948635634029,622,0.5206102618060284,0.3728269200364389,1,4,0.5583488641540009,0.04497394881496226,0.48989898989898994,0.75,0.4652419552935397,0.000901939024723759
TSLA,reddit_sentiment__gap__gap_roll5,reddit_sentiment,gap,gap_roll5,623,0.9967897271268058,621,0.5213942357285799,0.35487278495096874,1,4,0.5481078280648758,0.04798288493701493,0.47777777777777775,0.75,0.48734954556619997,0.0007719226605074585
TSLA,reddit_sentiment__gap__lag2,reddit_sentiment,gap,lag2,623,0.9983948635634029,622,0.5221936828206556,0.33713170912807433,-1,4,0.5333550230157874,0.062085506464656035,0.4333333333333333,0.75,0.49349054286416116,0.0005552031009660398
TSLA,reddit_sentiment__gap__lag3,reddit_sentiment,gap,lag3,623,0.9967897271268058,621,0.5001547316952405,0.9946694524738835,1,4,0.48387877827525444,0.03559309090353309,0.45555555555555555,0.25,0.5047899778924096,0.0
TSLA,reddit_sentiment__gap__level,reddit_sentiment,gap,level,623,1.0,623,0.5092890594376018,0.6882466382969541,1,4,0.47851403335055165,0.07663555507244375,0.42608695652173917,0.25,0.45983787767133383,0.0
TSLA,reddit_sentiment__gap__roll3,reddit_sentiment,gap,roll3,623,0.9983948635634029,622,0.5039508159518062,0.8645341347352602,-1,4,0.48961811719525605,0.0331984069122685,0.4516129032258065,0.5,0.5308278064357651,0.0
TSLA,reddit_sentiment__gap__roll5,reddit_sentiment,gap,roll5,623,0.9967897271268058,621,0.5054671865651628,0.8133541739172845,-1,4,0.4858900169975731,0.01779549520023596,0.4586693548387097,0.25,0.5725865880619012,0.0
TSLA,reddit_sentiment__gap__spike20,reddit_sentiment,gap,spike20,623,1.0,623,0.511166470673186,0.629526781406673,1,4,0.4904634256580259,0.05072108611010677,0.42338709677419356,0.5,0.4792434291328912,0.0
TSLA,reddit_sentiment__gap__surprise20,reddit_sentiment,gap,surprise20,623,0.985553772070626,614,0.5249633801654597,0.28012441304819635,1,4,0.5591823265560993,0.05488525083958776,0.47373737373737373,0.75,0.47285679194301156,0.0011080431876722184
TSLA,reddit_sentiment__mean__delta1,reddit_sentiment,mean,delta1,623,0.9983948635634029,622,0.5329578510862165,0.15335759221627288,1,4,0.5173185831232816,0.022308085457061796,0.4838709677419355,0.75,0.4726111520510931,0.00042808746270103326
TSLA,reddit_sentiment__mean__delta2,reddit_sentiment,mean,delta2,623,0.9967897271268058,621,0.5236223721400425,0.3068611997860269,1,4,0.5161141604032559,0.026422969482286646,0.48260869565217396,0.75,0.4551707197248833,0.00028549102032753525
TSLA,reddit_sentiment__mean__gap_roll3,reddit_sentiment,mean,gap_roll3,623,0.9983948635634029,622,0.5315962121681005,0.17117096272916266,1,4,0.5150282936441772,0.02261692726907214,0.4818548387096774,0.75,0.45197740112994356,0.0003561278658794551
TSLA,reddit_sentiment__mean__gap_roll5,reddit_sentiment,mean,gap_roll5,623,0.9967897271268058,621,0.5229415526809844,0.32105633175032633,1,4,0.5325769869642591,0.03921511940715376,0.49798387096774194,0.5,0.47482191107835914,0.00037368333131414683
TSLA,reddit_sentiment__mean__lag2,reddit_sentiment,mean,lag2,623,0.9983948635634029,622,0.5053898207175425,0.815948347919198,-1,4,0.5045371791602506,0.03034413958106474,0.4637096774193548,0.5,0.49742078113485627,1.2227291118560422e-05
TSLA,reddit_sentiment__mean__lag3,reddit_sentiment,mean,lag3,623,0.9967897271268058,621,0.5016917332012956,0.9417684819789731,1,4,0.5042800871210759,0.030565504005585303,0.4747474747474747,0.5,0.513141734217637,3.62038274358079e-06
TSLA,reddit_sentiment__mean__level,reddit_sentiment,mean,level,623,1.0,623,0.5303635163293516,0.18858285681135656,1,4,0.5173375518045924,0.008274803647991802,0.5043478260869565,1.0,0.45983787767133383,0.0005264290373297213
TSLA,reddit_sentiment__mean__roll3,reddit_sentiment,mean,roll3,623,0.9983948635634029,622,0.5149780280992757,0.5174633362893157,1,4,0.5059233163984216,0.013311065692229328,0.48504273504273504,0.75,0.5072463768115942,6.653969959234442e-05
TSLA,reddit_sentiment__mean__roll5,reddit_sentiment,mean,roll5,623,0.9967897271268058,621,0.5125951599925729,0.5863220716974937,1,4,0.4963321142975771,0.035442157764767064,0.4358974358974359,0.75,0.4448538442643085,0.0
TSLA,reddit_sentiment__mean__spike20,reddit_sentiment,mean,spike20,623,1.0,623,0.508639186317592,0.7090374032482412,1,4,0.47550312554147584,0.037517658496063026,0.4342948717948717,0.5,0.5179317121100466,0.0
TSLA,reddit_sentiment__mean__surprise20,reddit_sentiment,mean,surprise20,623,0.985553772070626,614,0.5328959584081203,0.15413570813495014,1,4,0.5238267342755422,0.04289096589966957,0.4798387096774194,0.5,0.45934659788749693,0.00039190162986478484
TSLA,reddit_sentiment__vader__delta1,reddit_sentiment,vader,delta1,623,0.9983948635634029,622,0.5235811103546449,0.30770959522032193,1,4,0.5298936405265298,0.022014666732705277,0.5040404040404041,1.0,0.4613117170228445,0.0007049252361581846
TSLA,reddit_sentiment__vader__delta2,reddit_sentiment,vader,delta2,623,0.9967897271268058,621,0.5187741123558416,0.4170089282443985,1,4,0.5179566306472864,0.031165864602230028,0.4858585858585859,0.75,0.45738147875214935,0.000252839850978377
TSLA,reddit_sentiment__vader__gap_roll3,reddit_sentiment,vader,gap_roll3,623,0.9983948635634029,622,0.5276660271089929,0.2311301480096355,1,4,0.5294296740737836,0.031890499920344526,0.4959677419354839,0.75,0.45320560058953574,0.0006106516205505923
TSLA,reddit_sentiment__vader__gap_roll5,reddit_sentiment,vader,gap_roll5,623,0.9967897271268058,621,0.527923913267727,0.22679217260750217,1,4,0.5518941283996508,0.04037246715363912,0.5272177419354838,1.0,0.4821911078359125,0.0014490871405361389
TSLA,reddit_sentiment__vader__lag2,reddit_sentiment,vader,lag2,623,0.9983948635634029,622,0.5082884611417136,0.7203487670158393,-1,4,0.5078584011438149,0.029360748993124706,0.4757575757575757,0.5,0.4875951854581184,3.2567026258253427e-05
TSLA,reddit_sentiment__vader__lag3,reddit_sentiment,vader,lag3,623,0.9967897271268058,621,0.5035485135441811,0.878216448709187,-1,4,0.5164658727881904,0.02464788167901984,0.4891304347826087,0.75,0.4858757062146893,4.382202945424218e-05
TSLA,reddit_sentiment__vader__level,reddit_sentiment,vader,level,623,1.0,623,0.5327051226506572,0.15655362823454988,1,4,0.5384964193804481,0.021271863501617094,0.5070707070707071,1.0,0.4446082043723901,0.0012590301174486916
TSLA,reddit_sentiment__vader__roll3,reddit_sentiment,vader,roll3,623,0.9983948635634029,622,0.5115636153576366,0.6173815700547409,1,4,0.49628810491363085,0.016786387157060562,0.47580645161290325,0.25,0.4772783099975436,0.0
TSLA,reddit_sentiment__vader__roll5,reddit_sentiment,vader,roll5,623,0.9967897271268058,621,0.5065915702172432,0.7758941101911638,1,4,0.47973072100877145,0.02239630556889099,0.4551282051282052,0.5,0.40284942274625396,0.0
TSLA,reddit_sentiment__vader__spike20,reddit_sentiment,vader,spike20,623,1.0,623,0.5095108415341132,0.6812034751810545,1,4,0.5082189491200712,0.02786690750957339,0.47554347826086957,0.5,0.46954065340211254,3.908456132896788e-05
TSLA,reddit_sentiment__vader__surprise20,reddit_sentiment,vader,surprise20,623,0.985553772070626,614,0.5361143776691217,0.11747653590610874,1,4,0.5488602104222721,0.03361488295695418,0.5201612903225807,1.0,0.45271432080569884,0.0017645560921826912
