date,gdelt_articles,gdelt_robust,gdelt_sentiment_score
2023-01-03,2.9920999999999998,-0.20795123881486577,0.3742652418034157
2023-01-04,1.2544,0.9166477401771517,-0.016
2023-01-05,1.0897,0.1685214626391092,0.563
2023-01-06,1.1058,0.2416534181240059,0.405
2023-01-09,2.8986,-0.3630908835530945,0.3363717760298075
2023-01-10,1.0426,-0.0454235748353395,0.3167
2023-01-11,1.0253,-0.1240063593004763,0.5243
2023-01-12,1.03,-0.1026572791278671,0.3569
2023-01-13,1.1763,0.5618896207131496,0.2307
2023-01-17,3.5903,-0.6715040966774801,0.530197587945297
2023-01-18,1.1334,0.3670224846695433,0.443
2023-01-19,1.0137,-0.1766977061094704,0.4799
2023-01-20,1.1306,0.3543038837156486,-0.042
2023-01-23,2.9829,-0.24592442803303502,0.32299227932548863
2023-01-24,1.1983,0.6618214853508967,0.2934
2023-01-25,0.9905,-0.2820803997274582,0.3329
2023-01-26,0.8892,-0.7422212128094479,0.024
2023-01-27,1.0326,-0.0908471496706791,0.5166
2023-01-30,2.9661999999999997,-0.24651497491772428,-0.006168316364371929
2023-01-31,1.0532,0.00272541449012,0.0928
2023-02-01,1.1003,0.2166704519645698,0.6343
2023-02-02,1.0616,0.0408812173518061,0.0569
2023-02-03,1.3648,1.4181240063593,-0.1666
2023-02-06,2.8359,-0.48735911117601316,-0.014368017207941043
2023-02-07,1.0134,-0.1780604133545305,0.1953
2023-02-08,0.9349,-0.5346354758119464,0.3408
2023-02-09,0.8716,-0.8221667045196451,0.5794
2023-02-10,1.0047,-0.2175789234612765,0.5375
2023-02-13,3.004,-0.10756045463494365,0.5722858688415446
2023-02-14,1.0106,-0.1907790143084261,0.4574
2023-02-15,0.9267,-0.5718828071769249,0.1562
2023-02-16,1.0463,-0.0286168521462637,-0.0463
2023-02-17,1.0485,-0.0186236656824891,0.3681
2023-02-21,3.869,-0.3723375947236799,0.1145047040578961
2023-02-22,0.9729,-0.362025891437656,0.2259
2023-02-23,1.0103,-0.1921417215534862,-0.0995
2023-02-24,1.044,-0.0390642743583917,0.1966
2023-02-27,3.073,-0.12281857642398222,0.06722278555157828
2023-02-28,0.9111,-0.6427435839200542,0.078
2023-03-01,0.9149,-0.625482625482625,0.1848
2023-03-02,0.9169,-0.616397910515557,0.4335
2023-03-03,1.0623,0.0440608675902795,0.1844
2023-03-06,2.7925,-0.5302812540729227,0.14476475917636525
2023-03-07,1.0151,-0.1703384056325236,0.4515
2023-03-08,1.0032,-0.2243924596865767,0.1817
2023-03-09,0.9312,-0.5514421985010216,0.4041
2023-03-10,0.8913,-0.7326822620940265,0.4261
2023-03-13,3.1612999999999998,0.046676620636328235,0.4272727422262993
2023-03-14,0.997,-0.2525550760844877,0.3719
2023-03-15,1.0482,-0.0199863729275492,0.9215
2023-03-16,1.031,-0.0981149216443336,0.6312
2023-03-17,0.9765,-0.3456734044969335,0.412
2023-03-20,2.8928000000000003,-0.35934054918307884,0.32148266731194686
2023-03-21,1.1255,0.331137860549625,0.0017
2023-03-22,1.5226,2.134908017260958,0.6062
2023-03-23,1.35245,1.3620258914376555,0.4853499999999999
2023-03-24,1.1823,0.5891437656143533,0.3645
2023-03-27,3.0689,-0.10084301516180688,-0.07962246733357231
2023-03-28,1.1815,0.5855098796275265,-0.1638
2023-03-29,1.2157,0.7408585055643878,-0.5596
2023-03-30,1.2821,1.0424710424710424,-0.5127
2023-03-31,1.2865,1.0624574153985915,0.0048
2023-04-03,2.8005,-0.5041638398580962,0.11415355115158005
2023-04-04,1.1564,0.4714967067908247,0.267
2023-04-05,1.0646,0.0545082898024074,0.3942
2023-04-06,1.2274,0.7940040881217353,0.3801
2023-04-10,3.9478999999999997,-0.2794184049654195,0.15430721142886095
2023-04-11,1.2559,0.9234612764024529,0.1359
2023-04-12,1.0701,0.0794912559618444,0.1856
2023-04-13,1.0213,-0.1421757892346122,0.2358
2023-04-14,1.1152,0.2843515784692254,0.182
2023-04-17,3.2454,0.1612205474395943,0.2574410611943058
2023-04-18,1.2122,0.7249602543720187,0.5219
2023-04-19,1.0828,0.1371791960027254,0.5328
2023-04-20,1.1557,0.4683170565523504,0.4208
2023-04-21,1.0329,-0.089484442425619,0.3718
2023-04-24,2.8622,-0.4375873463905294,0.17633709035008038
2023-04-25,1.1198,0.3052464228934813,0.3305
2023-04-26,1.084,0.1426300249829665,0.2866
2023-04-27,0.9842,-0.3106972518737223,0.3307
2023-04-28,1.2252,0.7840109016579606,0.7098
2023-05-01,2.9057,-0.3065086126776229,0.3722608596895756
2023-05-02,1.1136,0.2770838064955708,0.2052
2023-05-03,1.0032,-0.2243924596865767,0.5435
2023-05-04,1.1821,0.5882352941176466,0.4662
2023-05-05,1.4088,1.6179877356347945,-0.0008
2023-05-08,3.3535000000000004,0.34189789068888193,0.4350442105263158
2023-05-09,1.1158,0.2870769929593454,0.1899
2023-05-10,1.0615,0.0404269816034527,0.3275
2023-05-11,1.0916,0.1771519418578238,0.2959
2023-05-12,0.9929,-0.2711787417669768,0.4049
2023-05-15,2.7521,-0.6102868791468083,0.5929926201809527
2023-05-16,0.9912,-0.2789007494889847,0.1586
2023-05-17,0.9817,-0.3220531455825571,0.0554
2023-05-18,1.1945,0.6445605269134675,-0.0617
2023-05-19,1.2826,1.044742221212809,0.1738
2023-05-22,2.8116000000000003,-0.48842214210896845,0.1171996870109546
2023-05-23,1.1528,0.4551442198501023,0.4239
2023-05-24,0.9958,-0.2580059050647283,0.5868
2023-05-25,1.0291,-0.1067454008630482,0.4536
2023-05-26,0.908,-0.6568248921190093,0.6979
2023-05-30,3.4409,-0.8089749374775688,0.49776423610102005
2023-05-31,1.1582,0.479672950261185,0.4754
2023-06-01,1.148,0.4333409039291387,0.5728
2023-06-02,1.2368,0.8367022484669537,0.5037
2023-06-05,3.8520000000000003,1.7460480664438882,0.5419872689511942
2023-06-06,1.8119,3.4490120372473307,0.6582
2023-06-07,1.4645,1.8709970474676347,0.5018
2023-06-08,1.1793,0.575516693163752,0.294
2023-06-09,1.1429,0.4101748807631161,0.4822
2023-06-12,2.5515,-0.8492011463689019,0.5149529649225946
2023-06-13,1.0177,-0.1585282761753346,0.0356
2023-06-14,0.9521,-0.4565069270951624,0.5029
2023-06-15,0.8329,-0.9979559391324094,0.6927
2023-06-16,0.9766,-0.3452191687485802,0.6429
2023-06-20,3.521,-0.7671847504248055,0.43027999715989773
2023-06-21,0.9817,-0.3220531455825571,0.6351
2023-06-22,0.9083,-0.6554621848739492,0.5492
2023-06-23,1.1127,0.2729956847603907,0.7815
2023-06-26,2.6554,-0.7283326563018554,0.5435133802816902
2023-06-27,0.8885,-0.7454008630479217,0.2409
2023-06-28,1.0139,-0.1757892346127637,0.525
2023-06-29,0.9946,-0.263456734044969,0.6132
2023-06-30,1.3008,1.127413127413127,0.41750000000000004
2023-07-03,3.168,0.1707604950252012,-0.240357702020202
2023-07-05,2.069,-0.07332515386988994,0.3684594006766554
2023-07-06,1.4161,1.6511469452645915,-0.0788
2023-07-07,1.0979,0.2057687940040886,0.5419
2023-07-10,2.6182,-0.7006727120051492,0.31141245512183946
2023-07-11,1.148,0.4333409039291387,0.9120999999999999
2023-07-12,1.1115,0.2675448557801496,0.887
2023-07-13,1.0391,-0.06132182602770861,0.602
2023-07-14,0.9666,-0.3906427435839197,0.3968
2023-07-17,3.2656,0.1889420691406455,0.5398678343949044
2023-07-18,1.2038,0.6868044515103336,0.5874
2023-07-19,1.0828,0.1371791960027254,0.4553
2023-07-20,1.1031,0.2293890529184645,0.2654
2023-07-21,1.1247,0.3275039745627982,0.2043
2023-07-24,3.2304,0.23993335738375515,0.4196195920009905
2023-07-25,1.0694,0.07631160572337,0.3317
2023-07-26,1.0526,0.0,0.3209
2023-07-27,0.9417,-0.5037474449239153,0.4755
2023-07-28,0.9726,-0.363388598682716,0.6871
2023-07-31,2.4293,-1.048430500308431,0.3151277281521426
2023-08-01,1.0418,-0.0490574608221663,0.6934
2023-08-02,1.0726,0.0908471496706791,0.433
2023-08-03,1.1445,0.4174426527367706,0.0842
2023-08-04,1.3257,1.240517828753123,0.3061
2023-08-07,3.0515,-0.1326392648808817,0.4195508536785188
2023-08-08,1.0949,0.1921417215534862,0.5208
2023-08-09,1.0313,-0.0967522143992726,0.6557
2023-08-10,1.011,-0.1889620713150128,0.5606
2023-08-11,0.9831,-0.3156938451056097,0.4288
2023-08-14,2.9322999999999997,-0.31578146088137243,0.2959013197831054
2023-08-15,0.9696,-0.3770156711333179,0.6023
2023-08-16,0.9946,-0.263456734044969,0.3746
2023-08-17,1.1669,0.5191914603679311,0.4269
2023-08-18,1.1766,0.5632523279582107,0.6285
2023-08-21,3.1834,0.07382627952569808,0.16093851856505623
2023-08-22,1.0052,-0.2153077447195088,0.6345
2023-08-23,1.0857,0.1503520327049744,0.4901
2023-08-24,0.9858,-0.3034294799000679,0.4392
2023-08-25,1.1741,0.551896434249375,0.6062
2023-08-28,3.1532999999999998,-0.0037574960764671416,0.42500550534360826
2023-08-29,1.1093,0.257551669316375,0.6998
2023-08-30,1.2183,0.7526686350215758,0.7312
2023-08-31,1.2523,0.9071087894617303,0.5356
2023-09-01,1.0512,-0.0063593004769478,0.6322
2023-09-05,4.2509,0.05068091898424018,0.6862636594603496
2023-09-06,1.3578,1.386327503974562,0.2829
2023-09-07,1.4939,2.0045423574835333,0.0044
2023-09-08,1.6925,2.906654553713376,-0.3785
2023-09-11,3.5904,0.7678604069174999,0.25374598930481285
2023-09-12,2.2312,5.353622530093116,0.2738
2023-09-13,2.292,5.62979786509198,0.3482
2023-09-14,1.4764,1.925051101521689,0.8282
2023-09-15,1.5951,2.4642289348171693,0.8419
2023-09-18,4.0326,1.3440471738344073,0.6498649233744977
2023-09-19,1.3134,1.1846468317056544,0.8443
2023-09-20,1.3281,1.2514194867136044,0.6937
2023-09-21,1.3771,1.4739950034067677,0.5595
2023-09-22,1.4088,1.6179877356347945,0.842
2023-09-25,3.6891,0.8301917084546991,0.9608906101759237
2023-09-26,1.2731,1.001589825119236,0.4924
2023-09-27,1.5083,2.069952305246422,-0.23010000000000003
2023-09-28,1.2571,0.928912105382694,-0.1407
2023-09-29,1.2495,0.8943901885078355,0.2808
2023-10-02,3.2235,0.12313528633568063,0.1909172390259035
2023-10-03,1.0436,-0.0408812173518051,0.4432
2023-10-04,1.067,0.0654099477628887,0.2518
2023-10-05,1.2917,1.0860776743129683,0.24910000000000002
2023-10-06,1.1214,0.3125141948671358,0.4570000000000001
2023-10-09,2.8637,-0.41184015276355673,0.4454857247616719
2023-10-10,1.1018,0.22348398818987,0.6733
2023-10-11,1.1583,0.4801271860095393,0.9675000000000001
2023-10-12,0.9281,-0.5655235066999769,0.6223
2023-10-13,1.0008,-0.235294117647059,0.3889
2023-10-16,3.0252,-0.15930158205632458,0.16870811186037282
2023-10-17,1.1157,0.2866227572109921,0.5925
2023-10-18,1.0265,-0.1185555303202362,0.7346
2023-10-19,1.1009,0.2193958664546899,0.7006
2023-10-20,1.168,0.5241880535998179,0.5427
2023-10-23,3.0637999999999996,-0.06255661545708883,0.44219846595730794
2023-10-24,1.047,-0.0254372019077903,0.542
2023-10-25,1.1269,0.3374971610265728,0.5211
2023-10-26,1.2969,1.1096979332273444,0.3008
2023-10-27,1.2356,0.8312514194867134,0.3003
2023-10-30,3.3849,0.46140801393628417,0.2301174362610417
2023-10-31,1.5214,2.1294571882807176,0.1884
2023-11-01,1.197,0.6559164206223032,0.3567
2023-11-02,1.1719,0.5419032477856004,0.3192
2023-11-03,1.328,1.250965250965251,0.3755
2023-11-06,3.2094,0.12513811312927173,0.38989036268461397
2023-11-07,1.1409,0.4010901657960482,0.47890000000000005
2023-11-08,1.1617,0.49557120145355404,0.6305
2023-11-09,1.1766,0.5632523279582107,0.7305
2023-11-10,1.3393,1.302293890529184,0.43999999999999995
2023-11-13,2.9593,-0.2866704939452666,0.74965254958943
2023-11-14,1.2876,1.0674540086304791,0.20250000000000004
2023-11-15,1.1335,0.3674767204178966,0.5957
2023-11-16,1.1178,0.2961617079264134,0.9933999999999998
2023-11-17,1.4556,1.8305700658641832,0.4039
2023-11-20,3.6283000000000003,0.7814838295585235,0.046614684563018476
2023-11-21,1.3428,1.3181921417215532,0.2662
2023-11-22,1.1775,0.5673404496933907,0.825
2023-11-24,2.2418,0.3111426938708588,0.8280849406726738
2023-11-27,2.9966,-0.2219156121657386,0.9114254588533672
2023-11-28,1.0631,0.0476947535771062,0.3472
2023-11-29,1.2133,0.7299568476039064,0.9105
2023-11-30,1.1141,0.2793549852373386,0.7471
2023-12-01,1.0462,-0.0290710878946171,0.5114
2023-12-04,2.7981,-0.5078751607047065,0.7467212715771416
2023-12-05,1.0317,-0.0949352714058592,0.2667
2023-12-06,1.0666,0.0635930047694754,0.5369
2023-12-07,1.0485,-0.0186236656824891,0.5265
2023-12-08,1.1347,0.3729275493981378,0.5835
2023-12-11,2.9734,-0.26160914610263525,0.6838464720521962
2023-12-12,1.1865,0.6082216670451969,0.1254
2023-12-13,1.0501,-0.0113558937088346,0.5463
2023-12-14,1.0224,-0.1371791960027254,0.4483
2023-12-15,1.1422,0.4069952305246427,0.726
2023-12-18,3.2129,0.23482916539034066,0.12669928724828036
2023-12-19,1.413,1.637065637065637,-0.1537
2023-12-20,1.1336,0.36793095616625,0.3437
2023-12-21,1.1833,0.5936861230978878,0.43089999999999995
2023-12-22,1.0063,-0.210311151487622,0.4428
2023-12-26,4.0199,-0.21478123623187204,0.7908042438866638
2023-12-27,1.2196,0.7585736997501703,0.1584
2023-12-28,1.1903,0.625482625482625,0.3517
2023-12-29,1.2311,0.8108108108108111,0.0921
2024-01-02,4.0791,-0.09396339331575887,0.21756595572552767
2024-01-03,1.1442,0.4160799454917106,-0.0892
2024-01-04,1.1576,0.4769475357710649,0.308
2024-01-05,1.0436,-0.0408812173518051,0.2415
2024-01-08,3.0931,0.009067077737952563,0.5080858265170864
2024-01-09,1.1301,0.3520327049738819,0.4739
2024-01-10,0.9515,-0.4592323415852825,0.5514
2024-01-11,1.0251,-0.12491483079718399,0.7496
2024-01-12,1.0886,0.1635248694072224,0.7574
2024-01-16,3.9617,-0.24019880200753224,0.8564068177802457
2024-01-17,1.2704,0.9893254599136948,0.2845
2024-01-18,1.3041,1.1424029071087891,0.3087
2024-01-19,1.2593,0.9389052918464684,0.2488
2024-01-22,2.9394,-0.3195605512524928,0.595907817922025
2024-01-23,1.2602,0.9429934135816486,0.8365
2024-01-24,1.1149,0.2829888712241653,0.5194
2024-01-25,1.1866,0.6086759027935502,0.1197
2024-01-26,1.3137,1.1860095389507157,0.19300000000000003
2024-01-29,2.8867000000000003,-0.34077712487213224,0.37521843281255407
2024-01-30,1.2103,0.7163297751533041,0.2126
2024-01-31,1.0643,0.0531455825573474,0.6419
2024-02-01,1.1257,0.3320463320463316,0.5376
2024-02-02,1.5215,2.129911424029071,0.39380000000000004
2024-02-05,3.2843,0.19473845689119454,0.7245114879883081
2024-02-06,0.9836,-0.3134226663638425,0.7251
2024-02-07,0.9928,-0.2716329775153302,0.5591
2024-02-08,1.0909,0.1739722916193504,0.6989
2024-02-09,1.1286,0.3452191687485807,1.0783
2024-02-12,3.0956,-0.0892006844820324,0.9803397208941724
2024-02-13,1.0736,0.0953895071542136,0.6251
2024-02-14,0.994,-0.2661821485350896,0.6113
2024-02-15,1.0274,-0.1144674085850551,0.2736
2024-02-16,1.0073,-0.2057687940040876,0.2577
2024-02-20,3.9077,-0.3214359512919367,0.2801215779102797
2024-02-21,1.096,0.197138314785374,0.334
2024-02-22,1.0369,-0.0713150124914832,0.3503
2024-02-23,1.0743,0.098569157392687,0.0277
2024-02-26,2.6907,-0.704110197082723,0.5258027316311741
2024-02-27,0.9482,-0.4742221212809444,0.4335
2024-02-28,1.1613,0.49375425846014065,0.4123
2024-02-29,1.0975,0.2039518510106742,0.3458
2024-03-01,1.0356,-0.0772200772200767,0.4418
2024-03-04,3.2481,0.29160420505587004,0.34245236291986075
2024-03-05,1.2229,0.7735634794458327,-0.4035
2024-03-06,1.1692,0.5296388825800591,0.1284
2024-03-07,1.1635,0.5037474449239153,0.3323
2024-03-08,1.0771,0.1112877583465817,0.1557
2024-03-11,2.9344,-0.2991539611512027,0.45534384541984735
2024-03-12,1.1784,0.5714285714285708,0.2351
2024-03-13,1.1199,0.3057006586418346,0.1726
2024-03-14,1.2333,0.8208039972745855,-0.1842
2024-03-15,0.9594,-0.4233477174653641,0.0329
2024-03-18,2.8398,-0.40362197265541727,0.20961452567082192
2024-03-19,1.1443,0.4165341812400639,0.11700000000000002
2024-03-20,0.961,-0.4160799454917101,0.2271
2024-03-21,1.2774,1.021121962298433,-0.1449
2024-03-22,1.322,1.223711106064047,-0.4167
2024-03-25,2.8882,-0.3410854064018866,0.33923113357800705
2024-03-26,1.058,0.0245287304110836,0.6759
2024-03-27,1.0909,0.1739722916193504,0.3716
2024-03-28,1.0291,-0.1067454008630482,0.4597
2024-04-01,4.084099999999999,-0.07072645571443631,0.3958873460493132
2024-04-02,1.1777,0.5682489211900974,0.4023
2024-04-03,1.1867,0.6091301385419036,-0.3986
2024-04-04,0.9801,-0.3293209175562116,-0.0312
2024-04-05,1.1152,0.2843515784692254,-0.0252
2024-04-08,2.8184,-0.4884498022114692,0.3532055173147886
2024-04-09,1.0683,0.0713150124914832,0.0964
2024-04-10,1.035,-0.0799454917101978,0.2872
2024-04-11,1.1089,0.2557347263229616,0.24310000000000004
2024-04-12,1.2217,0.7681126504655915,-0.029999999999999995
2024-04-15,2.5008,-0.9200743066329604,0.37370123560460655
2024-04-16,0.987,-0.2979786509198273,0.5953
2024-04-17,0.9279,-0.566431978196684,0.4122
2024-04-18,1.0354,-0.0781285487167834,0.5143
2024-04-19,1.0575,0.0222575516693169,0.4707
2024-04-22,2.8154,-0.50239851608793,0.27806628543013423
2024-04-23,1.0688,0.07358619123325,0.3879
2024-04-24,1.0638,0.0508744038155807,0.2044
2024-04-25,0.9868,-0.2988871224165339,0.3532
2024-04-26,0.9653,-0.3965478083125138,0.4789
2024-04-29,2.9391,-0.2953538634569442,0.4060055969514478
2024-04-30,0.9206,-0.5995911878264818,0.6059
2024-05-01,0.9551,-0.4428798546445605,0.5662
2024-05-02,1.0398,-0.0581421757892342,0.4842
2024-05-03,1.3236,1.2309788780377018,0.42190000000000005
2024-05-06,3.2296,0.13577837323629943,0.46138352737181065
2024-05-07,1.3245,1.2350669997728818,0.5837
2024-05-08,1.1695,0.5310015898251191,0.6946
2024-05-09,1.1063,0.2439245968657736,0.5141
2024-05-10,1.1413,0.4029071087894616,0.4251
2024-05-13,2.7494,-0.5859485523412197,0.6693460718702262
2024-05-14,0.9735,-0.3593004769475354,0.7642
2024-05-15,0.9722,-0.3652055416761299,0.4488
2024-05-16,1.0646,0.0545082898024074,0.6138
2024-05-17,1.1717,0.5409947762888937,0.1267
2024-05-20,2.8108,-0.4696094661773259,0.5040984737441296
2024-05-21,1.1475,0.431069725187372,0.3571
2024-05-22,0.951,-0.4615035203270497,0.5247
2024-05-23,1.1454,0.4215307744719508,0.3755
2024-05-24,0.958,-0.429707017942312,0.7632
2024-05-28,3.238,-1.0940992700103256,0.5419534651019147
2024-05-29,1.0101,-0.1930501930501929,0.4146
2024-05-30,1.043,-0.0436066318419261,0.2975
2024-05-31,0.8756,-0.8039972745855093,0.3396
2024-06-03,2.548,-0.8455275427664378,0.5787115149136577
2024-06-04,0.8911,-0.7335907335907332,0.4752
2024-06-05,0.9359,-0.5300931183284124,0.3422
2024-06-06,1.3071,1.156029979559391,0.1366
2024-06-07,0.9529,-0.4528730411083351,0.844
2024-06-10,3.1975000000000002,0.3850239290610906,0.9221007505863956
2024-06-11,2.0557,4.556438791732908,0.8899
2024-06-12,1.5154,2.1022030433795136,0.3629
2024-06-13,1.1925,0.6354758119463996,0.7678
2024-06-14,1.0532,0.00272541449012,0.3744
2024-06-17,2.9273,-0.25807680326901994,0.6610577460458443
2024-06-18,1.4778,1.9314104019986371,0.5452
2024-06-20,2.2135,0.2502108830760554,0.6472569369776373
2024-06-21,1.0656,0.0590506472859419,0.436
2024-06-24,3.0275,-0.05893291358099215,0.3693086242774566
2024-06-25,1.1493,0.4392459686577332,0.475
2024-06-26,1.1499,0.4419713831478533,0.5823
2024-06-27,0.9355,-0.5319100613218258,0.8694
2024-06-28,0.9485,-0.4728594140358843,0.7837
2024-07-01,2.8388999999999998,-0.47176892183139413,0.5612971784846243
2024-07-02,0.9957,-0.2584601408130816,0.333
2024-07-03,0.9772,-0.34249375425846007,0.2935
2024-07-05,1.7290999999999999,-0.8428053895093869,0.4083364929732231
2024-07-08,2.6651,-0.7222956012207931,0.2940064612960114
2024-07-09,1.0392,-0.06086759027935531,0.5876
2024-07-10,1.0531,0.0022711787417667,0.4255
2024-07-11,1.0704,0.0808539632069045,0.5871
2024-07-12,1.0594,0.030888030888030497,0.3517
2024-07-15,2.6706,-0.6585187257607201,0.5927453905489403
2024-07-16,1.1709,0.5373608903020669,1.2694
2024-07-17,1.2199,0.7599364069952304,1.0651
2024-07-18,1.13,0.3515784692255275,0.6616
2024-07-19,1.0395,-0.0595048830342942,0.2193
2024-07-22,2.5273,-0.9175520239268806,0.3936599730938155
2024-07-23,0.9516,-0.4587781058369291,0.7157
2024-07-24,1.0294,-0.1053826936179871,0.4869
2024-07-25,1.0801,0.12491483079718399,0.4409
2024-07-26,0.9551,-0.4428798546445605,0.5647
2024-07-29,2.9189,-0.3323042235404467,0.48568894446538075
2024-07-30,1.0933,0.1848739495798317,0.5786
2024-07-31,0.9752,-0.351578469225528,0.4572
2024-08-01,1.141,0.4015444015444016,0.4179
2024-08-02,1.142,0.406086759027935,0.4244
2024-08-05,3.0206,-0.024086434780063656,-0.1467996490763425
2024-08-06,1.4109,1.6275266863502154,-0.21170000000000003
2024-08-07,0.9144,-0.6277538042243922,0.3817
2024-08-08,1.1018,0.22348398818987,0.3274
2024-08-09,0.9598,-0.4215307744719508,0.3981
2024-08-12,2.865,-0.42355354254337907,0.6955993333333333
2024-08-13,1.3162,1.1973654326595502,0.8523
2024-08-14,1.2061,0.6972518737224616,0.688
2024-08-15,1.1198,0.3052464228934813,0.6935
2024-08-16,1.1887,0.6182148535089714,1.1551
2024-08-19,2.7666,-0.5773196147110187,0.7868046193884191
2024-08-20,1.0485,-0.0186236656824891,0.6103
2024-08-21,0.944,-0.4933000227117874,0.6055
2024-08-22,0.9304,-0.555076084487849,0.3314
2024-08-23,1.135,0.3742902566431978,0.1345
2024-08-26,3.4066,0.5574902302845639,0.28651219397639877
2024-08-27,1.0558,0.014535543947309,0.5565
2024-08-28,1.0795,0.12218941630706291,0.4162
2024-08-29,1.2295,0.8035430388371565,0.46290000000000003
2024-08-30,1.1913,0.6300249829661595,0.49219999999999997
2024-09-03,4.0776,-0.12425787329710042,0.5718180620953502
2024-09-04,1.0236,-0.1317283670224842,0.6251
2024-09-05,0.9485,-0.4728594140358843,0.7047
2024-09-06,1.0427,-0.0449693390869862,0.6202
2024-09-09,5.045999999999999,3.6125215314136057,1.1084370511296078
2024-09-10,2.0093,4.345673404496933,0.7233
2024-09-11,1.3231,1.228707699295934,0.3107
2024-09-12,1.1195,0.3038837156484212,0.8662
2024-09-13,1.2802,1.0338405632523278,0.9980000000000001
2024-09-16,3.6059,0.6895372100599477,1.253545966332954
2024-09-17,1.1402,0.3979105155575748,0.74
2024-09-18,1.1141,0.2793549852373386,0.6529
2024-09-19,1.3039,1.1414944356120826,0.7176
2024-09-20,1.2629,0.95525777878719,1.0481
2024-09-23,3.344,0.30031277608676965,0.5534761872009568
2024-09-24,1.1056,0.24074494662729923,0.3857
2024-09-25,1.1118,0.2689075630252096,0.4832
2024-09-26,1.1525,0.45378151260504224,0.5438
2024-09-27,1.0674,0.0672268907563021,0.7684
2024-09-30,3.0074,-0.2038682356251956,0.6462258462459267
2024-10-01,1.3126,1.1810129457188276,-0.0934
2024-10-02,1.0621,0.0431523960935728,0.4393
2024-10-03,1.0288,-0.1081081081081082,0.7892
2024-10-04,0.9728,-0.3624801271860093,0.7744
2024-10-07,2.9197,-0.34207710571317607,0.7797312566359559
2024-10-08,1.3132,1.1837383602089475,0.8883
2024-10-09,1.1969,0.6554621848739498,0.7281
2024-10-10,1.0329,-0.089484442425619,0.602
2024-10-11,1.0292,-0.1062911651146948,0.6384
2024-10-14,2.9651,-0.28372977904290175,0.565551168594651
2024-10-15,1.2279,0.7962752668635019,1.16
2024-10-16,1.0855,0.1494435612082667,0.7563
2024-10-17,1.1017,0.2230297524415167,0.8758
2024-10-18,1.0791,0.1203724733136496,0.8812
2024-10-21,3.0199,-0.19427441397004064,0.6646228087022751
2024-10-22,1.1066,0.24528730411083358,0.7249
2024-10-23,1.1992,0.6659096070860777,0.6058
2024-10-24,1.2631,0.9561662502838968,0.6416
2024-10-25,1.1971,0.6563706563706565,0.6587
2024-10-28,3.2628000000000004,0.2822969928307101,0.7210749816108862
2024-10-29,1.2153,0.7390415625709744,0.9173
2024-10-30,1.1095,0.2584601408130816,0.9171
2024-10-31,1.0882,0.161707926413809,1.2172
2024-11-01,1.2168,0.7458550987962757,0.6417
2024-11-04,3.3828,0.37195787397152075,0.8064061251034645
2024-11-05,1.0287,-0.1085623438564616,0.8105
2024-11-06,0.9382,-0.519645696116284,0.7162
2024-11-07,1.0116,-0.1862366568248917,1.0426
2024-11-08,1.1131,0.2748126277538041,1.1087
2024-11-11,2.8218,-0.5059314724734792,0.9942803884045643
2024-11-12,1.17,0.5332727685668858,1.0235
2024-11-13,1.0576458333333334,0.0229199788023318,0.6671
2024-11-14,1.1263458333333334,0.3349799379211145,0.5177
2024-11-15,0.9843541666666668,-0.3099969717616774,0.8556
2024-11-18,2.749323007246377,-0.4896834097052422,0.637764262677841
2024-11-19,1.1318333333333337,0.3599061246120069,0.5836
2024-11-20,1.5402,2.214853508971156,0.438
2024-11-21,1.2777666666666667,1.0227874933757284,0.6204
2024-11-22,1.2701541666666667,0.9882087970323259,1.2874
2024-11-25,3.1929078886693016,0.14219357732613475,0.8147296004927793
2024-11-26,1.3541708333333335,1.369842531607237,0.9675
2024-11-27,1.115425,0.2853736089030207,1.0139
2024-11-29,2.6315,1.2125532360111164,1.3109975907277218
2024-12-02,2.9598,-0.273504401788109,1.3288654469896615
2024-12-03,1.134,0.3697478991596634,0.8487
2024-12-04,1.1507,0.4456052691346811,0.9865000000000002
2024-12-05,1.2956,1.103792868498751,0.6565
2024-12-06,1.0574,0.0218033159209625,0.5548
2024-12-09,2.7621,-0.5613020957739485,0.5728258788602875
2024-12-10,1.0347,-0.0813081989552578,0.9329
2024-12-11,1.0326,-0.0908471496706791,1.0
2024-12-12,1.2479,0.8871224165341811,0.5427
2024-12-13,1.1557,0.4683170565523504,0.7839
2024-12-16,3.1316,-0.004684360548305101,0.6948100523693959
2024-12-17,1.0366,-0.0726777197365433,0.7977
2024-12-18,1.0123,-0.1830570065864183,0.7542
2024-12-19,1.0822,0.1344537815126053,0.6957
2024-12-20,1.1036,0.23166023166023117,0.897
2024-12-23,2.9915,-0.2272680308644953,0.9281504596356343
2024-12-24,1.1104,0.2625482625482628,1.3932
2024-12-26,2.3026999999999997,0.4521441176978538,1.1786851000998828
2024-12-27,0.9575,-0.4319781966840787,0.7675
2024-12-30,2.8086,-0.5281417451014191,0.5853303140354625
2024-12-31,1.2648,0.9638882580059043,1.2661
2025-01-02,2.2887,0.48043100218622387,0.770044212871936
2025-01-03,1.3557,1.3767885532591406,0.0497
2025-01-06,3.2607999999999997,0.23737673729014716,0.4767050294406281
2025-01-07,1.1037,0.2321144674085846,0.7894
2025-01-08,0.9455,-0.4864864864864862,0.5263
2025-01-10,1.8313,-0.6135937681127371,0.3584820182384098
2025-01-13,3.1285000000000003,-0.02227735597044292,0.21409732140003193
2025-01-14,1.0608,0.0372473313649783,0.2982
2025-01-15,1.0812,0.1299114240290708,0.0745
2025-01-16,1.2544,0.9166477401771517,0.3205
2025-01-17,1.6646,2.77992277992278,0.16199999999999998
2025-01-21,5.8788,2.032911507894397,0.01360031979315507
2025-01-22,1.3719,1.450374744492391,0.9030000000000001
2025-01-23,1.0947,0.1912332500567795,0.3797
2025-01-24,1.1047,0.2366568248921191,0.9811
2025-01-27,3.1482,0.2170032292118863,0.7613037608792325
2025-01-28,1.4221,1.6784010901657953,0.4705
2025-01-29,1.0542,0.0072677719736545,0.41
2025-01-30,1.0488,-0.0172609584374291,0.6166
2025-01-31,1.3269,1.245968657733363,0.5599
2025-02-03,3.2465,0.3042516654931838,0.18050733097181582
2025-02-04,1.0633,0.0486032250738129,0.3382
2025-02-05,1.1235,0.3220531455825571,0.5619
2025-02-06,1.2704,0.9893254599136948,0.3478
2025-02-07,1.2249,0.7826481944129006,0.612
2025-02-10,3.2134,0.09656813965243022,0.6793655131636274
2025-02-11,1.0547,0.0095389507154212,0.7269
2025-02-12,1.4009,1.582103111514876,0.5717
2025-02-13,1.0983,0.2075857369975019,0.665
2025-02-14,1.389,1.528049057460822,0.0832
2025-02-18,4.0337,-0.17998033837235614,0.6225470858021172
2025-02-19,1.141,0.4015444015444016,0.6726
2025-02-20,1.2388,0.8457869634340216,0.6283
2025-02-21,1.2499,0.896207131501249,0.5633
2025-02-24,3.2822,0.21524505238083275,0.7916354579245627
2025-02-25,1.2223,0.7708380649557116,0.151
2025-02-26,1.2194,0.7576652282534636,0.22659999999999997
2025-02-27,1.1779,0.5691573926868041,0.7001
2025-02-28,1.039,-0.061776061776062006,0.3343
2025-03-03,2.8906,-0.3674212805880968,0.9700021345049471
2025-03-04,1.1184,0.2988871224165345,0.9295
2025-03-05,1.0557,0.0140813081989557,0.7889
2025-03-06,1.0366,-0.0726777197365433,0.9771999999999998
2025-03-07,1.0548,0.0099931864637746,0.8358
2025-03-10,2.8785,-0.3455535373875195,0.7580732047941637
2025-03-11,1.0182,-0.1562570974335679,0.3666
2025-03-12,1.0471,-0.024982966159437,0.2663
2025-03-13,1.1156,0.2861685214626387,0.5131
2025-03-14,1.1706,0.5359981830570069,0.5816
2025-03-17,2.7468,-0.6185682472013514,0.7325562873161497
2025-03-18,0.9821,-0.3202362025891437,0.3399
2025-03-19,1.0889,0.1648875766522824,0.5181
2025-03-20,0.9839,-0.3120599591187825,0.4143
2025-03-21,1.2109,0.7190551896434252,0.0982
2025-03-24,2.8794,-0.39905728965949844,0.21027224769049105
2025-03-25,1.1701,0.5337270043152391,1.1277
2025-03-26,1.0118,-0.185328185328185,0.7506
2025-03-27,0.9944,-0.2643652055416762,0.6414
2025-03-28,0.9668,-0.389734272087213,0.3899
2025-03-31,2.6407,-0.6828199506388667,0.5157268072859469
2025-04-01,1.1333,0.3665682489211899,0.7502
2025-04-02,0.8888,-0.7440381558028613,0.4609
2025-04-03,1.2503,0.8980240744946624,-0.6661
2025-04-04,1.4037,1.5948217124687707,-0.8887
2025-04-07,3.191,0.06377319016911988,-0.2911026731432153
2025-04-08,1.1332,0.3661140131728366,0.0439
2025-04-09,1.1798,0.5777878719055187,0.0733
2025-04-10,1.2582,0.9339086986145808,-0.030600000000000002
2025-04-11,1.0881,0.1612536906654557,-0.0011
2025-04-14,4.3693,1.9207751642776225,-0.1816893987595267
2025-04-15,1.2105,0.7172382466500108,-0.1051
2025-04-16,1.293,1.091982739041562,-0.3096
2025-04-17,1.155,0.4651374063138769,-0.4639
2025-04-21,3.8491999999999997,-0.3829929094521889,0.075071365478541
2025-04-22,0.9419,-0.5028389734272086,0.2034
2025-04-23,1.0901,0.1703384056325236,-0.3224
2025-04-24,1.011,-0.1889620713150128,-0.0188
2025-04-25,1.1784,0.5714285714285708,0.3517
2025-04-28,2.7298,-0.6260511440033315,0.25763864019342075
2025-04-29,1.028,-0.111741994094935,0.2148
2025-04-30,1.151,0.44696797637974106,0.3378
2025-05-01,1.2709,0.9915966386554615,-0.3714
2025-05-02,1.4197,1.667499432205314,-0.1305
2025-05-05,3.1780999999999997,0.032637898321612395,0.37612771152575436
2025-05-06,1.0787,0.11855553032023622,0.5235
2025-05-07,1.078,0.1153758800817628,0.2317
2025-05-08,0.9934,-0.2689075630252101,0.3433
2025-05-09,1.0694,0.07631160572337,0.5646
2025-05-12,2.7842,-0.5406655442868187,0.39062585661949567
2025-05-13,0.9895,-0.2866227572109921,0.7128
2025-05-14,1.0445,-0.036793095616625,0.5216
2025-05-15,1.143,0.4106291165114695,0.5935
2025-05-16,1.1546,0.4633204633204636,0.0164
2025-05-19,2.9096,-0.31347178052607516,0.13313198034094031
2025-05-20,0.993,-0.2707245060186235,0.4295
2025-05-21,1.0267,-0.1176470588235295,0.5218
2025-05-22,1.0661,0.0613218260277086,0.7491
2025-05-23,1.6281,2.61412673177379,-0.2784
2025-05-27,4.2506,0.14637673788907807,0.11271917846892206
2025-05-28,1.0178,-0.1580740404269812,0.4557
2025-05-29,1.1394,0.394276629570747,-0.0564
2025-05-30,1.1301,0.3520327049738819,0.1089
2025-06-02,2.7239,-0.3931752675530516,0.4773551341826058
2025-06-03,0.8774,-0.7958210311151486,0.6833999999999999
2025-06-04,0.9215,-0.5955030660913012,0.6461
2025-06-05,0.9345,-0.5364524188053598,0.2886
2025-06-06,0.9717,-0.3674767204178966,0.4472
2025-06-09,3.1776,0.25635178134289566,0.8383123520896275
2025-06-10,1.3371,1.2923007040654095,0.8873999999999999
2025-06-11,1.1125,0.272087213263684,0.5132
2025-06-12,0.9471,-0.4792187145128316,0.6014
2025-06-13,1.1064,0.2443788326141269,0.9670999999999998
2025-06-16,2.8570333333333333,-0.45531883546634855,0.19290109014055412
2025-06-17,0.9622333333333334,-0.4104777045953513,0.2191666666666666
2025-06-18,0.9671777777777778,-0.3880182703712112,0.23232222222222218
2025-06-20,1.9491888888888889,-0.3543006329746178,0.25207224119180943
2025-06-23,2.960866666666667,-0.2981055220423395,0.284988382197071
2025-06-24,0.9968444444444444,-0.2532616650263707,0.3112555555555555
2025-06-25,1.0017888888888888,-0.2308022308022306,0.3244111111111111
2025-06-26,1.0067333333333333,-0.2083427965780905,0.3375666666666667
2025-06-27,1.0116777777777777,-0.1858833623539504,0.3507222222222222
2025-06-30,3.0647,-0.14089202389243896,0.37707578245630147
2025-07-01,1.0314555555555556,-0.09604562545739,0.4033444444444444
2025-07-02,1.0364,-0.07358619123325,0.4165
2025-07-03,0.913,-0.6341131047013395,0.4669
2025-07-07,3.9695,-0.12416509864551192,0.1649021312507872
2025-07-08,1.1457,0.4228934817170108,0.6925
2025-07-09,1.3092,1.165568930274812,1.1224
2025-07-10,1.1085,0.2539177833295482,0.7857
2025-07-11,1.0411,-0.0522371110606407,0.8808
2025-07-14,2.8129999999999997,-0.517136306007304,0.4962063917525773
2025-07-15,1.6794,2.847149670679081,0.7217
2025-07-16,1.1651,0.5110152168975699,0.7838
2025-07-17,0.9583,-0.4283443106972515,0.7369
2025-07-18,1.0202,-0.1471723824665,0.4181
2025-07-21,2.8171,-0.4878153812163962,0.6751460544531611
2025-07-22,0.9684,-0.3824665001135585,0.6489
2025-07-23,1.0115,-0.186690892573245,0.5456
2025-07-24,0.8985,-0.6999772882125822,0.2947
2025-07-25,0.9966,-0.2543720190779011,0.4596
2025-07-28,2.9331,-0.31326047581485006,0.5761402168354302
2025-07-29,1.2242,0.7794685441744261,0.3124
2025-07-30,1.0419,-0.0486032250738129,0.5585
2025-07-31,1.1364,0.3806495571201457,0.614
2025-08-01,1.4168,1.654326595503066,0.4963
2025-08-04,3.0874,-0.09163692018864239,0.5783840124376498
2025-08-05,1.055,0.0109016579604812,0.8044
2025-08-06,1.4042,1.5970928912105373,0.9468
2025-08-07,1.9143,3.914149443561208,0.30329999999999996
2025-08-08,1.1384,0.3897342720872136,0.2639
2025-08-11,2.9152,-0.29905827106705274,0.4912398051591658
2025-08-12,1.2414,0.8575970928912107,0.23330000000000004
2025-08-13,1.1001,0.2157619804678631,0.3552
2025-08-14,1.205,0.6922552804905748,0.3219
2025-08-15,1.2447,0.8725868725868721,0.5916
2025-08-18,2.9262,-0.28790862531469685,0.5554474608707539
2025-08-19,1.0102,-0.1925959573018395,0.6109
2025-08-20,1.0676,0.0681353622530098,0.4407
2025-08-21,1.0298,-0.1035657506245738,0.3986
2025-08-22,0.9893,-0.2875312287076993,0.493
2025-08-25,2.9706,-0.23549409391841672,0.6651108530263247
2025-08-26,1.2085,0.7081535316829429,-0.0144
2025-08-27,1.2132,0.7295026118555532,0.5396
2025-08-28,1.0424,-0.0463320463320462,0.8428
2025-08-29,0.9562,-0.4378832614126727,0.7456
2025-09-02,3.6342,-0.6380999851850301,0.4969260332397777
2025-09-03,1.1786,0.5723370429252785,0.2405
2025-09-04,1.1049,0.2375652963888258,0.4537
2025-09-05,1.118,0.2970701794231211,0.4365
2025-09-08,3.0392,-0.1362696185095267,0.7102543827322979
2025-09-09,2.0322,4.44969339086986,0.8434
2025-09-10,1.6976,2.9298205768794,1.3451
2025-09-11,1.2747,1.0088575970928908,1.1237
2025-09-12,1.1571,0.4746763570292983,1.1412
2025-09-15,3.7653,1.092495194366618,1.5912646137093993
2025-09-16,1.22,0.7603906427435837,1.1698
2025-09-17,1.2006,0.6722689075630246,0.9274
2025-09-18,1.3533,1.3658868952986594,0.8023
2025-09-19,1.3237,1.231433113786055,0.8938000000000001
2025-09-22,3.7323,0.8800608597768838,0.7595947190740294
2025-09-23,1.2203,0.7617533499886436,0.9588
2025-09-24,1.0837,0.1412673177379065,0.49909999999999993
2025-09-25,1.1304,0.3533954122189419,0.7098
2025-09-26,1.3135,1.185101067454008,0.8499
2025-09-29,3.1539,0.06901968100708057,0.904637933986493
2025-09-30,1.1087,0.2548262548262549,1.0317
2025-10-01,0.994,-0.2661821485350896,0.8928
2025-10-02,1.1118,0.2689075630252096,0.825
2025-10-03,1.2241,0.7790143084260728,0.6175
2025-10-06,3.1668,0.03086602767854578,0.5372396078059872
2025-10-07,1.0345,-0.0822166704519645,0.6439
2025-10-08,1.1316,0.358846241199182,1.0243
2025-10-09,1.073,0.0926640926640925,1.1519
2025-10-10,1.0402,-0.0563252327958208,0.7878
2025-10-13,2.7184999999999997,-0.6372908501071738,0.8034398896450248
2025-10-14,1.0761,0.1067454008630482,0.8847
2025-10-15,1.2984,1.1165114694526457,1.0894
2025-10-16,1.1215,0.3129684306154892,1.1785
2025-10-17,1.0923,0.1803315920962982,0.911
2025-10-20,2.8662,-0.4264003300317007,0.9956849242900006
2025-10-21,1.1535,0.4583238700885757,0.8067
2025-10-22,1.2348,0.8276175334998858,0.823
2025-10-23,1.0558,0.014535543947309,0.565
2025-10-24,1.0205,-0.1458096752214399,0.5606
2025-10-27,2.867,-0.42577878972552596,0.8086256784094873
2025-10-28,1.1486,0.4360663184192598,0.8009
2025-10-29,1.03,-0.1026572791278671,0.8976
2025-10-30,0.9738,-0.3579377697024754,0.787
2025-10-31,1.1068,0.2461957756075403,0.8485
2025-11-03,2.6841,-0.7052673467442793,0.8489503744271824
2025-11-04,1.0596,0.0317965023847382,1.1104
2025-11-05,1.3272,1.2473313649784232,0.4004
2025-11-06,1.1325,0.3629343629343632,1.0827
2025-11-07,1.1365,0.381103792868499,1.0148
2025-11-10,2.8188,-0.47579821683946044,0.9655543600113522
2025-11-11,0.9677,-0.3856461503520324,0.8072
2025-11-12,0.9649,-0.3983647513059276,0.9343
2025-11-13,0.9647,-0.3992732228026343,0.6653
2025-11-14,1.0017,-0.2312059959118779,0.7369
2025-11-17,3.0272,-0.1832374284494666,0.801636812896406
2025-11-18,1.0407,-0.0540540540540541,0.6416
2025-11-19,1.2284,0.7985464456052687,0.814
2025-11-20,1.0373,-0.0694980694980688,0.9970000000000001
2025-11-21,1.1262,0.3343175107880994,0.9143
2025-11-24,2.7535,-0.5678486460421748,0.8009857163609951
2025-11-25,1.126,0.3334090392913917,0.9942000000000001
2025-11-26,1.077,0.1108335225982283,0.9419000000000001
2025-11-28,2.1742,0.16645912119568404,0.9572037347070187
2025-12-01,2.9567,-0.2766017945699585,1.1229342949910375
2025-12-02,1.1121,0.2702702702702707,0.5941
2025-12-03,1.0684,0.0717692482398366,0.4624
2025-12-04,0.9189,-0.6073131955484892,0.5606
2025-12-05,0.98,-0.3297751533045649,0.7929
2025-12-08,4.5186,3.9719511586695844,-1.5201322644181827
2025-12-09,1.1831,0.5927776516011811,1.4197
2025-12-10,0.9319,-0.5482625482625483,0.8759
2025-12-11,0.9165,-0.618214853508971,1.0141
2025-12-12,0.8984,-0.7004315239609356,0.8997
2025-12-15,2.8255,-0.3994800282765972,-0.1469958626791718
2025-12-16,0.9468,-0.4805814217578922,0.0587
2025-12-17,0.9624,-0.4097206450147623,0.7444
2025-12-18,0.9068,-0.66227572109925,0.7058
2025-12-19,0.9036,-0.6768112650465591,0.8214
2025-12-22,2.8308,-0.4810448680233979,0.84596516532429
2025-12-23,0.874,-0.8112650465591639,0.758
2025-12-24,1.0497,-0.013172836702248,0.8145
2025-12-26,1.6943,-0.9310502814951986,0.9432272265832498
2025-12-29,2.4929,-0.9988305556802435,0.6847948694291789
2025-12-30,0.8932,-0.724051782875312,0.7051
2025-12-31,1.1833,0.5936861230978878,0.6615
