ticker,model_name,feature_set,split,n_rows,n_features,train_rows_per_feature,source_family,price_feature_count,source_feature_count,accuracy,balanced_accuracy,f1,roc_auc
AAPL,hist_gradient_boosting,price14_plus_gdelt_top3,test,128,17,36.64705882352941,gdelt,14,3,0.5625,0.5482758620689655,0.6363636363636364,0.5492610837438423
AAPL,hist_gradient_boosting,price14_plus_google_top2,test,128,16,38.9375,google,14,2,0.5390625,0.5298029556650246,0.5986394557823129,0.5362068965517242
AAPL,hist_gradient_boosting,price_top14,test,128,14,44.5,price,14,0,0.546875,0.5339901477832512,0.618421052631579,0.5527093596059113
AAPL,hist_gradient_boosting,price14_plus_reddit_top4,test,128,18,34.611111111111114,reddit,14,4,0.5546875,0.55,0.5957446808510638,0.5982758620689654
AAPL,logreg,price14_plus_gdelt_top3,test,128,17,36.64705882352941,gdelt,14,3,0.4765625,0.48004926108374385,0.4806201550387597,0.48374384236453205
AAPL,logreg,price14_plus_google_top1,test,128,15,41.53333333333333,google,14,1,0.515625,0.5187192118226601,0.5230769230769231,0.49753694581280783
AAPL,logreg,price_top14,test,128,14,44.5,price,14,0,0.5078125,0.5115763546798029,0.5116279069767442,0.4970443349753695
AAPL,logreg,price14_plus_reddit_top2,test,128,16,38.9375,reddit,14,2,0.5078125,0.5115763546798029,0.5116279069767442,0.5509852216748767
AAPL,random_forest,price14_plus_gdelt_top2,test,128,16,38.9375,gdelt,14,2,0.5390625,0.5357142857142857,0.5755395683453237,0.5502463054187192
AAPL,random_forest,price14_plus_google_top3,test,128,17,36.64705882352941,google,14,3,0.5234375,0.5258620689655172,0.5343511450381679,0.5342364532019704
AAPL,random_forest,price_top14,test,128,14,44.5,price,14,0,0.546875,0.5399014778325123,0.5972222222222222,0.5559113300492611
AAPL,random_forest,price14_plus_reddit_top4,test,128,18,34.611111111111114,reddit,14,4,0.5625,0.5615763546798029,0.5882352941176471,0.58128078817734
ALL,hist_gradient_boosting,price14_plus_gdelt_top3,test,256,17,,gdelt,14,3,0.5390625,0.5308983582364877,0.5958904109589042,0.5392608989731291
ALL,hist_gradient_boosting,price14_plus_google_top3,test,256,17,,google,14,3,0.53515625,0.5313595277624055,0.5734767025089605,0.5475619504396483
ALL,hist_gradient_boosting,price_top14,test,256,14,,price,14,0,0.5625,0.5585685297915514,0.6,0.5562319375269015
ALL,hist_gradient_boosting,price14_plus_reddit_top4,test,256,18,,reddit,14,4,0.55859375,0.559706081288815,0.5735849056603773,0.5858082764557585
ALL,logreg,price14_plus_gdelt_top3,test,256,17,,gdelt,14,3,0.53125,0.5365553710877452,0.5238095238095238,0.5540183238024964
ALL,logreg,price14_plus_google_top1,test,256,15,,google,14,1,0.56640625,0.5723113816638996,0.5577689243027888,0.5696980876836993
ALL,logreg,price_top14,test,256,14,,price,14,0,0.5546875,0.5608436327860788,0.544,0.559859804464121
ALL,logreg,price14_plus_reddit_top2,test,256,16,,reddit,14,2,0.53515625,0.5415052573325955,0.5220883534136547,0.5885138043411424
ALL,random_forest,price14_plus_gdelt_top2,test,256,16,,gdelt,14,2,0.546875,0.5421508946688802,0.5886524822695035,0.563241714320851
ALL,random_forest,price14_plus_google_top2,test,256,16,,google,14,2,0.55078125,0.5531882186558446,0.5593869731800766,0.5771997786386276
ALL,random_forest,price_top14,test,256,14,,price,14,0,0.56640625,0.5669003258931316,0.5842696629213483,0.588759761421632
ALL,random_forest,price14_plus_reddit_top4,test,256,18,,reddit,14,4,0.58203125,0.5853471069298408,0.5868725868725869,0.6060382463260161
TSLA,hist_gradient_boosting,price14_plus_gdelt_top3,test,128,17,36.64705882352941,gdelt,14,3,0.515625,0.5126504544338001,0.5507246376811594,0.5298452468680914
TSLA,hist_gradient_boosting,price14_plus_google_top1,test,128,15,41.53333333333333,google,14,1,0.546875,0.552689756816507,0.532258064516129,0.5593220338983051
TSLA,hist_gradient_boosting,price_top14,test,128,14,44.5,price,14,0,0.578125,0.5816752640628838,0.578125,0.5698845492507983
TSLA,hist_gradient_boosting,price14_plus_reddit_top7,test,128,21,29.666666666666668,reddit,14,7,0.59375,0.5924834193072955,0.6176470588235294,0.6224514861213462
TSLA,logreg,price14_plus_gdelt_top3,test,128,17,36.64705882352941,gdelt,14,3,0.5859375,0.5926062392532547,0.5691056910569106,0.620732006877917
TSLA,logreg,price14_plus_google_top1,test,128,15,41.53333333333333,google,14,1,0.6171875,0.6252763448784082,0.5950413223140496,0.6327683615819208
TSLA,logreg,price_top14,test,128,14,44.5,price,14,0,0.6015625,0.6095553917956276,0.5785123966942148,0.6187668877425694
TSLA,logreg,price14_plus_reddit_top4,test,128,18,34.611111111111114,reddit,14,4,0.5625,0.5720953082780644,0.5254237288135594,0.6030459346597887
TSLA,random_forest,price14_plus_gdelt_top2,test,128,16,38.9375,gdelt,14,2,0.5546875,0.548882338491771,0.6013986013986014,0.5745517071972488
TSLA,random_forest,price14_plus_google_top1,test,128,15,41.53333333333333,google,14,1,0.59375,0.599852616064849,0.5806451612903226,0.6042741341193809
TSLA,random_forest,price_top5,test,128,5,124.6,price,5,0,0.5859375,0.5962908376320314,0.5470085470085471,0.6064848931466471
TSLA,random_forest,price14_plus_reddit_top2,test,128,16,38.9375,reddit,14,2,0.6171875,0.6228199459592239,0.608,0.6082043723900761
