ticker,model_name,feature_set,split,balanced_accuracy_ci_low,balanced_accuracy_ci_high,roc_auc_ci_low,roc_auc_ci_high
AAPL,logreg,price14_plus_google_top2,test,0.4229783459750428,0.5990408974922471,0.4067797133679269,0.6291002589364658
AAPL,logreg,price_top14,test,0.42953463203463205,0.592217673338363,0.39605487060377675,0.6048702166021441
AAPL,random_forest,price14_plus_reddit_top4,test,0.4739694894146949,0.6409128343118068,0.4726600023091133,0.6834891512124188
AAPL,random_forest,price_top14,test,0.4507133393220789,0.6098617004494352,0.44270116750874355,0.6474086357721225
ALL,logreg,price14_plus_google_top2,test,0.5134371804859049,0.6177314614543332,0.5157784351311623,0.6569003021467207
ALL,logreg,price_top14,test,0.5007698283874034,0.6091673163268237,0.4911446147551624,0.6194284171467046
ALL,random_forest,price14_plus_reddit_top4,test,0.5085694516885229,0.6432141499885418,0.5233111430014085,0.6592305627518572
ALL,random_forest,price_top14,test,0.5036937269145279,0.6200814536340852,0.510299628388892,0.6497887023186305
TSLA,logreg,price14_plus_google_top2,test,0.5487442060286888,0.6897846831416686,0.5760017847619174,0.7398762913202676
TSLA,logreg,price_top14,test,0.5466193219975968,0.6764512208724938,0.5464190597392058,0.6986635944700461
TSLA,random_forest,price14_plus_reddit_top4,test,0.5157194949740626,0.686235119047619,0.5358281355135185,0.7068936477208941
TSLA,random_forest,price_top14,test,0.5145659722222222,0.6576996390771775,0.5197011455525608,0.6995528609963682
