ticker,model_name,feature_set,split,decision_threshold,balanced_accuracy_ci_low,balanced_accuracy_ci_high,roc_auc_ci_low,roc_auc_ci_high
AAPL,hist_gradient_boosting,price_only,test,0.5,0.44710084033613445,0.6257981597148466,0.44367264406540946,0.6506047180801378
AAPL,hist_gradient_boosting,price_plus_gdelt,test,0.5,0.4152562260536399,0.571468837535014,0.45944495934060536,0.6399788271217226
AAPL,hist_gradient_boosting,price_plus_google_trends,test,0.5,0.4218645820589675,0.6131390056022409,0.4291700904200904,0.64277100503663
AAPL,hist_gradient_boosting,price_plus_reddit_attention,test,0.5,0.43769025157232705,0.5818792766373412,0.4281424139234842,0.6436133774630541
AAPL,hist_gradient_boosting,price_plus_reddit_sentiment,test,0.5,0.5055940716753535,0.6559275030463718,0.4911519607843137,0.6742050556752872
AAPL,logreg,price_only,test,0.5,0.42953463203463205,0.592217673338363,0.39605487060377675,0.6048702166021441
AAPL,logreg,price_plus_gdelt,test,0.5,0.36989532019704435,0.5418957702586318,0.3788773531045669,0.6021034150965072
AAPL,logreg,price_plus_google_trends,test,0.5,0.4689900905309518,0.6146486864892785,0.42558478034414965,0.6528296436979445
AAPL,logreg,price_plus_reddit_attention,test,0.5,0.41882915400202636,0.5935897651249151,0.39633864368738037,0.6096377331287434
AAPL,logreg,price_plus_reddit_sentiment,test,0.5,0.422278142021859,0.5801224130534475,0.40858835463582877,0.6040065453716656
AAPL,mlp_small,price_only,test,0.55,0.4307980517463276,0.627159006236987,0.4300324595571464,0.6797101418197441
AAPL,mlp_small,price_plus_gdelt,test,0.6,0.44627798556749765,0.6263282174518164,0.3349657650958887,0.5921174412147671
AAPL,mlp_small,price_plus_google_trends,test,0.61,0.46008664733499033,0.6134902885682575,0.4246975738548608,0.6369951075983321
AAPL,mlp_small,price_plus_reddit_attention,test,0.68,0.4679481906990948,0.5374826758526492,0.3578408927673633,0.5905985007639418
AAPL,mlp_small,price_plus_reddit_sentiment,test,0.57,0.38267846200980393,0.5550716466376379,0.39229676303434646,0.5621786264523755
AAPL,random_forest,price_only,test,0.5,0.4050312748267796,0.5853982059376065,0.42911636636636635,0.635975455465587
AAPL,random_forest,price_plus_gdelt,test,0.5,0.4996268955468858,0.6470675943203023,0.45637143493761145,0.6541224427903731
AAPL,random_forest,price_plus_google_trends,test,0.5,0.3743387888450187,0.5606833618671091,0.3999315068493151,0.6349055220543951
AAPL,random_forest,price_plus_reddit_attention,test,0.5,0.46669569852106246,0.6326979472140762,0.41323395085721726,0.6049316321356129
AAPL,random_forest,price_plus_reddit_sentiment,test,0.5,0.5184993428859256,0.6346315875081326,0.45907468811141,0.6343679632555689
AAPL,svm_rbf,price_only,test,0.52,0.3966466729096702,0.5452429055735866,0.373614018948526,0.5823607367475292
AAPL,svm_rbf,price_plus_gdelt,test,0.53,0.38927139248471837,0.5187423349056604,0.3600947984354404,0.5570709782316265
AAPL,svm_rbf,price_plus_google_trends,test,0.54,0.4151994904575464,0.5630982028826855,0.38170825544315706,0.5675464758773527
AAPL,svm_rbf,price_plus_reddit_attention,test,0.55,0.34680901278705334,0.5080365475368178,0.3350604578333488,0.5278125
AAPL,svm_rbf,price_plus_reddit_sentiment,test,0.54,0.42568277310924374,0.5711103124313237,0.405144183773216,0.6036552401213824
TSLA,hist_gradient_boosting,price_only,test,0.5,0.4958430571333797,0.6695165977048434,0.4846700360150817,0.6786342422009335
TSLA,hist_gradient_boosting,price_plus_gdelt,test,0.5,0.49048110432932523,0.6517423089925625,0.4688969921818752,0.6696174792948986
TSLA,hist_gradient_boosting,price_plus_google_trends,test,0.5,0.38563244974203875,0.5642169353356993,0.4296517890885042,0.6063512181256873
TSLA,hist_gradient_boosting,price_plus_reddit_attention,test,0.5,0.4634761472647135,0.626379580575417,0.5174137251268187,0.7233982947007666
TSLA,hist_gradient_boosting,price_plus_reddit_sentiment,test,0.5,0.40472029828757383,0.5853209157067247,0.3792705244625649,0.5844369540417987
TSLA,logreg,price_only,test,0.5,0.5466193219975968,0.6764512208724938,0.5464190597392058,0.6986635944700461
TSLA,logreg,price_plus_gdelt,test,0.5,0.4524908424908425,0.6253038260758849,0.4378749600551358,0.6475139391607785
TSLA,logreg,price_plus_google_trends,test,0.5,0.5436492673992674,0.6906610905856595,0.5570282376614614,0.7127636950191246
TSLA,logreg,price_plus_reddit_attention,test,0.5,0.5083234126984126,0.6776093111868974,0.4989583982325918,0.6886507257830786
TSLA,logreg,price_plus_reddit_sentiment,test,0.5,0.5082356253312136,0.6498200679249067,0.49480914241460827,0.6522112241175025
TSLA,mlp_small,price_only,test,0.49,0.5227162739662738,0.7171119792795526,0.5462722973540022,0.7307142857142858
TSLA,mlp_small,price_plus_gdelt,test,0.68,0.47318948412698414,0.5,0.24644520308123247,0.45376790792817273
TSLA,mlp_small,price_plus_google_trends,test,0.7,0.459664313260756,0.5,0.2942531703977138,0.5337569335119089
TSLA,mlp_small,price_plus_reddit_attention,test,0.7,0.5,0.5234468005952381,0.5560369654718818,0.7675032445017379
TSLA,mlp_small,price_plus_reddit_sentiment,test,0.7,0.5,0.5390727796052631,0.4591286204957217,0.622312537093283
TSLA,random_forest,price_only,test,0.5,0.5368635606702648,0.6921267788724687,0.5051319247719855,0.6929503978233921
TSLA,random_forest,price_plus_gdelt,test,0.5,0.4728902867965368,0.656442354156292,0.4539432220256524,0.660694440946185
TSLA,random_forest,price_plus_google_trends,test,0.5,0.5059682980587965,0.663732981871994,0.496033742397758,0.6844141468904276
TSLA,random_forest,price_plus_reddit_attention,test,0.5,0.4703963355791838,0.651871787926874,0.47816988384422604,0.6883542278497554
TSLA,random_forest,price_plus_reddit_sentiment,test,0.5,0.48279526879244844,0.678673512560209,0.46673323895237134,0.6606196098117678
TSLA,svm_rbf,price_only,test,0.51,0.52375,0.680825758245554,0.5102264963226877,0.6970588416982805
TSLA,svm_rbf,price_plus_gdelt,test,0.54,0.3715757118698295,0.5231576573780249,0.405867009331531,0.6149514475171253
TSLA,svm_rbf,price_plus_google_trends,test,0.53,0.4237750256842549,0.5804344049932284,0.4612028135587909,0.684106967432722
TSLA,svm_rbf,price_plus_reddit_attention,test,0.55,0.5,0.5,0.3651418286750436,0.5634377931067234
TSLA,svm_rbf,price_plus_reddit_sentiment,test,0.47,0.5,0.5,0.3551298414538992,0.5324908643987591
