ticker,model_name,feature_set_alt,auc_a,auc_b,auc_diff,auc_diff_se,z_stat,p_value
AAPL,hist_gradient_boosting,price_plus_gdelt,0.5527093596059116,0.541871921182266,0.010837438423645596,0.04974698267746061,0.21785117087223518,0.827545073329385
AAPL,hist_gradient_boosting,price_plus_google_trends,0.5527093596059116,0.5401477832512314,0.012561576354680248,0.028816393937529355,0.43591770649416817,0.6628964378553208
AAPL,hist_gradient_boosting,price_plus_reddit_attention,0.5527093596059116,0.525615763546798,0.027093596059113656,0.05040565339643661,0.5375110574606502,0.5909146490475181
AAPL,hist_gradient_boosting,price_plus_reddit_sentiment,0.5527093596059116,0.5955665024630543,-0.042857142857142705,0.05329825326261616,-0.8041003266274593,0.42133903596805045
AAPL,logreg,price_plus_gdelt,0.4970443349753695,0.4903940886699507,0.006650246305418772,0.03729674551644435,0.1783063431764211,0.8584823975066005
AAPL,logreg,price_plus_google_trends,0.4970443349753695,0.535960591133005,-0.0389162561576355,0.03286103875726311,-1.1842673764849883,0.23630723852856805
AAPL,logreg,price_plus_reddit_attention,0.4970443349753695,0.503694581280788,-0.00665024630541855,0.03784464123973087,-0.17572491342411897,0.8605100617773671
AAPL,logreg,price_plus_reddit_sentiment,0.4970443349753695,0.505911330049261,-0.008866995073891548,0.0433891427876669,-0.20435976615818133,0.8380723686308091
AAPL,mlp_small,price_plus_gdelt,0.5448275862068965,0.4642857142857144,0.08054187192118212,0.07523769284126199,1.0704989597582557,0.2843947769620081
AAPL,mlp_small,price_plus_google_trends,0.5448275862068965,0.5238916256157635,0.020935960591133007,0.05489077590340715,0.3814112707747948,0.702898099107532
AAPL,mlp_small,price_plus_reddit_attention,0.5448275862068965,0.46921182266009853,0.075615763546798,0.07268013512178997,1.0403910699957946,0.29815824883182307
AAPL,mlp_small,price_plus_reddit_sentiment,0.5448275862068965,0.46921182266009853,0.075615763546798,0.07900678703055625,0.9570793394946341,0.33852721087113213
AAPL,random_forest,price_plus_gdelt,0.5381773399014778,0.559113300492611,-0.02093596059113323,0.06279001664687824,-0.3334281739225198,0.7388110989997834
AAPL,random_forest,price_plus_google_trends,0.5381773399014778,0.5221674876847293,0.016009852216748444,0.03429321970375043,0.46685182537694314,0.6406058940907333
AAPL,random_forest,price_plus_reddit_attention,0.5381773399014778,0.5071428571428571,0.03103448275862064,0.06451222945619785,0.48106355988971455,0.6304713259072474
AAPL,random_forest,price_plus_reddit_sentiment,0.5381773399014778,0.5615763546798029,-0.023399014778325178,0.05878999220021788,-0.39801016980299003,0.69062268931315
AAPL,svm_rbf,price_plus_gdelt,0.4750000000000001,0.452832512315271,0.022167487684729092,0.0694855372416522,0.319023045150194,0.7497090376329882
AAPL,svm_rbf,price_plus_google_trends,0.4750000000000001,0.48596059113300494,-0.010960591133004849,0.04800436044794347,-0.22832490696112182,0.819393662939552
AAPL,svm_rbf,price_plus_reddit_attention,0.4750000000000001,0.42807881773399026,0.04692118226600983,0.06936356825349384,0.676452833201043,0.4987531828472429
AAPL,svm_rbf,price_plus_reddit_sentiment,0.4750000000000001,0.4912561576354679,-0.01625615763546784,0.06274267816882859,-0.2590925046540987,0.7955638678154013
TSLA,hist_gradient_boosting,price_plus_gdelt,0.5698845492507982,0.5720953082780644,-0.002210759027266196,0.053647237848045023,-0.0412091864548206,0.967129130163344
TSLA,hist_gradient_boosting,price_plus_google_trends,0.5698845492507982,0.5074920167035126,0.062392532547285606,0.04074977893649929,1.5311133992778807,0.12574136878862086
TSLA,hist_gradient_boosting,price_plus_reddit_attention,0.5698845492507982,0.6138540899042004,-0.043969540653402195,0.05057453150214572,-0.8694008495469049,0.3846279185897292
TSLA,hist_gradient_boosting,price_plus_reddit_sentiment,0.5698845492507982,0.4885777450257922,0.08130680422500602,0.05552552926946296,1.4643138983948747,0.14310820142259972
TSLA,logreg,price_plus_gdelt,0.6187668877425694,0.5401621223286661,0.07860476541390327,0.04269769292732622,1.840960483454992,0.0656273498132407
TSLA,logreg,price_plus_google_trends,0.6187668877425694,0.6285924834193073,-0.009825595676737908,0.020104501102756616,-0.4887261626895421,0.6250355787639905
TSLA,logreg,price_plus_reddit_attention,0.6187668877425694,0.5912552198477035,0.02751166789486592,0.038968463599902456,0.7059982702252287,0.4801892131632437
TSLA,logreg,price_plus_reddit_sentiment,0.6187668877425694,0.5819209039548021,0.03684598378776727,0.033516260473594,1.099346504267581,0.2716169551717411
TSLA,mlp_small,price_plus_gdelt,0.6502087939081307,0.34414148857774496,0.30606730533038573,0.07830730427703328,3.9085409484610762,9.285521043223e-05
TSLA,mlp_small,price_plus_google_trends,0.6502087939081307,0.4168508965856055,0.2333578973225252,0.06870549614464641,3.3964953375961997,0.0006825472016549483
TSLA,mlp_small,price_plus_reddit_attention,0.6502087939081307,0.6642102677474824,-0.014001473839351686,0.05689442883985977,-0.24609569205381263,0.8056081577946044
TSLA,mlp_small,price_plus_reddit_sentiment,0.6502087939081307,0.5347580447064604,0.11545074920167031,0.06423675732663436,1.7972692583876924,0.07229288410079171
TSLA,random_forest,price_plus_gdelt,0.6111520510930974,0.571849668386146,0.03930238270695141,0.04505522357634294,0.8723157846582708,0.38303612883213667
TSLA,random_forest,price_plus_google_trends,0.6111520510930974,0.6064848931466471,0.00466715794645034,0.022373005166685174,0.2086066628813922,0.8347553087835102
TSLA,random_forest,price_plus_reddit_attention,0.6111520510930974,0.5915008597396219,0.019651191353475594,0.03854444012846633,0.5098320610697508,0.6101691221198806
TSLA,random_forest,price_plus_reddit_sentiment,0.6111520510930974,0.5738147875214934,0.03733726357160405,0.042047080817828895,0.8879870574932333,0.37454771325999703
TSLA,svm_rbf,price_plus_gdelt,0.6072218128224023,0.5153524932449032,0.09186931957749911,0.05380103003828768,1.7075754778694758,0.08771514171386974
TSLA,svm_rbf,price_plus_google_trends,0.6072218128224023,0.5815524441169246,0.025669368705477646,0.04528155918433461,0.5668834988870723,0.570793335827547
TSLA,svm_rbf,price_plus_reddit_attention,0.6072218128224023,0.4690493736182755,0.1381724392041268,0.08758262786624854,1.577623811598075,0.1146520587080051
TSLA,svm_rbf,price_plus_reddit_sentiment,0.6072218128224023,0.4389584868582659,0.1682633259641364,0.08747053269399092,1.9236572681315773,0.05439755761798515
